Country Name,Country Code,_2000,_2001,_2002,_2003,_2004,_2005,_2006,_2007,_2008,_2009,_2010,_2011,_2012,_2013,_2014,_60s,_70s,_80s,_90s,_2000s,_2010_15
Aruba,ABW,,,,,,,,,,,,,,,,,,,,,
Africa Eastern and Southern,AFE,8.88752946,8.906289642,7.82246585,9.069003439,10.81346227,9.630202581,9.772202881,9.737485386,10.29411312,11.25656329,10.96064212,10.5280814,10.27660808,10.39318238,10.59476561,,7.577188287,6.788626617,7.927218627,9.618931792,10.55065592
Afghanistan,AFG,,,,,,,,,,,,,,,,,,,,,
Africa Western and Central,AFW,28.77617222,28.88210072,29.24832247,28.91048883,27.53744703,23.11663823,26.07110493,15.6476232,16.28227491,14.37851696,18.72691523,15.59020434,14.94153744,18.20066004,17.90314741,,9.85180501,20.47160637,24.86434584,23.88506895,17.07249289
Angola,AGO,14.60207612,14.52991453,14.61756374,12.93233083,26.43369176,23.76166547,11.79673321,13.39757538,10.00962464,10.01055966,11.50669848,11.27234118,11.26692456,11.27069133,11.26582278,,25.00430138,25.04276272,23.4961442,15.20917353,11.31649567
Albania,ALB,27.24989535,36.08579088,27.50133761,28.88621795,11.4520157,11.53775491,45.05792904,72.9020979,38.53041875,23.58708189,12.65856237,24.9343832,23.68253968,27.99252766,23.68755292,,4.499487365,4.306945863,46.29158667,32.279054,22.59111317
Andorra,AND,,,,,,,,,,,,,,,,,,,,,
Arab World,ARB,11.41644291,11.07482173,10.57465017,9.427655099,10.5246642,12.19406003,11.38167131,12.35921573,13.75479511,13.98558174,13.02979926,12.75395898,14.17483253,13.73308582,14.35983328,,9.770467741,10.36151328,9.77683711,11.6693558,13.61030197
United Arab Emirates,ARE,3.382235129,7.175947373,7.175175004,7.174924166,7.175153099,7.174865729,7.175593098,7.175518356,7.175979597,7.176531637,7.17603962,7.175928261,7.176413255,7.176479449,6.773479335,,6.932291158,7.201020417,7.758205405,6.796192319,7.095667984
Argentina,ARG,14.83297717,14.25622815,17.1704972,15.26567424,15.41955773,15.12546094,15.11757385,16.71740446,13.38278346,14.74749629,13.42535306,14.43479603,13.59979945,16.01834942,14.65738153,,10.61956006,14.39640103,17.73104518,15.20356535,14.4271359
Armenia,ARM,25.3776435,26.14447346,25.62058344,22.54135612,15.85406302,15.84612949,13.11227066,13.14004747,15.4592721,14.86510316,11.24634109,12.16689098,12.20756595,12.30869001,11.98709677,,,,29.05663134,18.79609424,11.98331696
American Samoa,ASM,,,,,,,,,,,,,,,,,,,,,
Antigua and Barbuda,ATG,,,,,,,,,,,,,,,,,,,,,
Australia,AUS,7.13795601,8.093550041,6.624211665,6.580200013,7.599479434,6.723101245,6.745671968,6.016157775,6.093231252,5.911445213,6.477314556,6.515771523,5.798700161,5.340095585,4.779589469,11.11505583,10.07090553,8.27589903,6.203985696,6.752500461,5.782294259
Austria,AUT,5.339546381,6.039268345,5.218594538,5.668106787,5.528830632,5.325104285,5.10387567,5.221737406,5.003951712,5.401411424,4.932728825,5.31057297,4.888662495,5.248644462,5.329784472,7.689982089,6.919646583,6.124937281,5.91402586,5.385042718,5.142078645
Azerbaijan,AZE,14.8136264,13.49499209,20.50157746,20.87757211,19.10412068,17.62416929,15.38116775,15.7092507,14.61442499,21.72991308,20.47033672,19.57721494,14.65112232,14.04898518,13.59996765,,,,15.52714623,17.38508145,16.46952536
Burundi,BDI,,,,,,,,,,,,,,,,,,,,,
Belgium,BEL,4.577579646,4.942888397,4.660299732,4.496116609,4.796509905,4.848965686,4.954474321,4.643085641,5.099123027,4.526423624,4.564492236,4.666681646,5.061197486,4.875614624,5.425023076,4.938370594,5.024679137,5.224033265,4.971616882,4.754546659,4.918601814
Benin,BEN,70.23809524,,,,,,81.81818182,56.81818182,61.13537118,,,,,,,,23.61111111,45.90163934,71.73541208,67.50245751,
Burkina Faso,BFA,,,,,,,,,,,,,,,,,,,,,
Bangladesh,BGD,15.32559762,13.87419503,12.70827752,11.52090097,8.256694891,7.433735395,6.02079171,5.166908563,12.48173476,11.27309896,10.54179946,10.19183294,11.85494831,13.16076807,11.40119975,,27.99105991,30.39077949,21.24012053,10.40619354,11.43010971
Bulgaria,BGR,15.4750775,14.0924335,14.65768693,14.23643924,12.29179742,11.10479396,10.78414136,10.92763817,10.47236677,10.64628017,9.735532521,8.78795754,9.083492561,9.043627667,8.551580114,,9.22563299,9.956152165,14.63779284,12.4688655,9.04043808
Bahrain,BHR,4.019048993,3.940347517,3.558788832,1.929690485,2.458204334,2.121509317,2.048284384,1.877847839,8.49106204,9.033287532,6.774680994,6.422056044,5.719475277,5.212995833,3.937181228,,0,1.422500833,2.037305756,3.947807127,5.613277875
"Bahamas, The",BHS,,,,,,,,,,,,,,,,,,,,,
Bosnia and Herzegovina,BIH,16.77054368,16.74186877,16.74547983,17.13119119,16.05122564,17.67179813,16.69546923,18.8221317,13.2631721,11.96706663,9.35529082,10.13743455,10.62349098,8.297518767,8.180693069,,,,17.45570514,16.18599469,9.318885638
Belarus,BLR,13.06463354,13.78526114,12.87798609,12.9567732,11.46427427,11.73734698,12.07443966,11.70002199,10.59689569,11.47945747,10.81530305,10.59627329,11.05880061,10.60716666,9.175183532,,,,13.11576723,12.173709,10.45054543
Belize,BLZ,,,,,,,,,,,,,,,,,,,,,
Bermuda,BMU,,,,,,,,,,,,,,,,,,,,,
Bolivia,BOL,10.18041237,10.40201005,10.37284895,10.31855956,10.34711475,10.13071895,10.13207547,10.20230206,11.79302046,11.73010946,11.55378486,11.02493075,11.34316669,9.0266584,9.19474586,,28.85628244,15.41358966,13.45278209,10.56091721,10.42865731
Brazil,BRA,17.65756212,17.23793637,16.74395596,16.26809098,16.74835399,16.59417467,16.82417721,16.14096018,16.64575537,17.1869536,16.62585192,16.45939781,17.07616752,16.63380588,15.77479764,,12.19877148,12.18988977,16.14211918,16.80479205,16.51400415
Barbados,BRB,,,,,,,,,,,,,,,,,,,,,
Brunei Darussalam,BRN,1.140385372,5.312136487,5.331358756,5.327483547,5.330882353,5.330882353,5.336567617,4.860088365,4.791118902,6.035437431,9.70464135,7.167785235,6.183206107,9.291231259,6.413670661,,4.496838302,4.342776694,3.292127817,4.879634118,7.752106922
Bhutan,BTN,,,,,,,,,,,,,,,,,,,,,
Botswana,BWA,18.33333333,17.71479185,18.7609075,27.3512476,28.33675565,29.94296578,29.50152594,41.42512077,46.91535151,61.352657,62.59398496,,,36.83640303,11.02464332,,,0,2.552060758,31.96346569,36.81834377
Central African Republic,CAF,,,,,,,,,,,,,,,,,,,,,
Canada,CAN,7.805698849,7.52229645,8.209655365,6.499112871,6.288081485,8.311846117,8.526922473,7.465348204,8.346548161,8.70933084,8.559491004,8.800575809,8.438532257,8.466955783,8.711767383,8.238815145,8.574471995,7.57090234,7.080086254,7.768484081,8.595464447
Central Europe and the Baltics,CEB,10.65221551,10.27836379,10.00893696,9.537152117,9.180961794,9.115907563,8.748801281,8.876198622,8.313179915,8.480238871,8.15257674,7.547181688,7.820320589,7.507269933,7.370623073,8.824441712,8.345188763,8.712012695,11.07284172,9.319195642,7.679594404
Switzerland,CHE,6.177787188,5.905035323,6.354540594,6.406727829,6.645267361,7.321462562,6.74810094,6.354701305,6.383137419,6.276903694,6.619027433,7.1349065,6.722923393,6.805878929,6.698810305,9.163550102,7.736668095,6.238830117,7.16033843,6.457366421,6.796309312
Channel Islands,CHI,,,,,,,,,,,,,,,,,,,,,
Chile,CHL,7.293278108,7.359337895,6.180302718,6.085972368,7.877675363,8.650255316,8.864786696,8.434599805,8.510317567,10.54642469,8.21888341,7.132530854,5.016415535,6.692670909,6.73504178,,11.04019283,13.14696073,9.637555363,7.980295052,6.759108498
China,CHN,6.909225824,6.978430722,7.064958493,6.597810813,6.447010259,6.824607893,6.485903123,6.282272784,6.166039597,6.078554296,6.118930602,5.740233346,5.810061604,5.777009646,5.471266356,,8.041314339,7.601173063,7.050049795,6.58348138,5.783500311
Cote d'Ivoire,CIV,14.5625,13.46980553,12.93917643,13.58364458,17.87658802,19.92606935,20.90185676,22.58923815,23.53448276,23.24987225,20.18440905,22.38071815,19.46978335,21.96078431,14.32536809,,15.56390492,16.00157045,15.99791968,18.26332338,19.66421259
Cameroon,CMR,21.86781609,25.6989551,23.15151515,23.77850163,19.22141119,17.43256743,12.31884058,9.345794393,9.470163704,9.337713989,9.832174945,9.863198784,12.25396825,11.01633394,11.05331599,,4.490783609,9.126612939,17.46536631,17.16232793,10.80379838
"Congo, Dem. Rep.",COD,2.674690739,2.432069775,5.098360656,2.928257687,14.02689314,10.97097912,6.310486544,5.125602639,11.18028878,5.131143366,4.971537002,7.102164831,5.648975302,5.655122306,21.43665158,,6.160812868,11.40072358,6.834468112,6.587877244,8.962890205
"Congo, Rep.",COG,87.5,88.0239521,,,,,86.75496689,,76.78958785,70.31539889,59.43877551,51.89481825,44.52941176,44.52896431,44.54022989,,8.497691058,22.14991059,32.60646863,81.87678114,48.98643994
Colombia,COL,22.38608696,19.36835321,19.39745127,19.49034185,19.51768941,19.50652601,19.44573607,20.18687527,19.30351461,14.7106686,15.37594238,12.17932956,12.38089127,10.32422471,10.67878079,,14.66984265,18.04355089,22.13134225,19.33132433,12.18783374
Comoros,COM,,,,,,,,,,,,,,,,,,,,,
Cabo Verde,CPV,,,,,,,,,,,,,,,,,,,,,
Costa Rica,CRI,6.836248013,7.412898443,9.50166113,7.111230377,10.72428484,10.83535109,9.945958376,10.03314917,10.27021322,10.59076262,10.1220912,10.78112286,10.64478081,10.58133854,10.82509543,,0,0.824046921,7.555129887,9.326175728,10.59088577
Caribbean small states,CSS,8.060738838,8.149242704,8.380008617,7.05472103,8.14401488,8.62607826,8.347224795,6.935049583,10.12491782,10.22101423,9.043981004,9.145735304,9.611560387,9.743655146,9.389468486,,5.930788665,7.639474222,10.02575904,8.404301076,9.386880065
Cuba,CUB,15.77301756,15.50428133,15.45321358,15.23719165,15.42151721,15.2131404,16.08476532,16.85201997,15.88325132,15.50129694,15.91078922,15.69256757,15.74777512,15.37617555,15.28968295,,10.81313129,14.2377372,17.61258773,15.69236953,15.60339808
Curacao,CUW,,,,,,,,,,,,,,,,,15.05812673,15.52664561,,,
Cayman Islands,CYM,,,,,,,,,,,,,,,,,,,,,
Cyprus,CYP,5.578635015,6.561531963,4.412153236,3.923988154,5.070221376,3.746858579,4.750644884,4.413878054,3.012404017,3.624161074,4.133784292,3.246094543,2.904388382,4.335664336,3.977011494,,6.54117908,6.212335164,5.703808495,4.509447635,3.719388609
Czech Republic,CZE,6.79732825,6.614219899,6.392525824,6.142532844,6.067549827,6.13565073,5.839529491,5.600246115,5.596974608,5.496618973,5.234902476,5.076288375,4.830020649,4.764673054,4.520776535,,7.146459727,7.370554084,7.463354039,6.068317656,4.885332218
Germany,DEU,5.956880239,5.698538889,4.7180705,4.467837304,4.621628034,4.762585255,4.485311317,4.625802674,4.747627605,4.238040836,3.826149129,4.08396846,3.937997621,3.866686679,3.884470799,5.993224114,5.058743457,4.434815596,3.874617456,4.832232265,3.919854538
Djibouti,DJI,,,,,,,,,,,,,,,,,,,,,
Dominica,DMA,,,,,,,,,,,,,,,,,,,,,
Denmark,DNK,5.835852772,6.294892523,5.322371268,4.436409302,4.476209318,4.212878662,3.437767205,4.952182318,5.940026218,6.500288596,6.752097164,6.247693661,7.003029217,5.55795412,6.133482476,11.42795351,9.271251313,8.31130574,6.283727393,5.140887818,6.338851328
Dominican Republic,DOM,12.27588312,11.20049988,10.98154242,10.82922082,10.7932058,10.83754835,11.05125017,11.0408204,11.40222871,11.97473027,12.01486101,11.6862161,11.64749622,11.35461417,12.17868871,,15.80031743,27.17633731,23.95925516,11.238693,11.77637524
Algeria,DZA,16.15378561,16.28920188,15.71903935,14.23353962,15.9232,13.19475158,17.87032306,17.8702011,18.11064718,20.41245682,19.87799012,19.32492582,19.2832378,18.40540992,17.12742443,,10.26133039,13.57787801,16.79956163,16.57771462,18.80379762
East Asia & Pacific (excluding high income),EAP,7.750146144,7.882188014,7.994161052,7.551987096,7.19774815,7.426603076,7.065072601,6.786437897,6.621494742,6.436008421,6.465244846,6.192699334,6.145756786,6.072770194,5.841038125,,8.254067018,8.54804259,8.071320925,7.271184719,6.143501857
Early-demographic dividend,EAR,17.35424624,17.59769864,17.25251192,16.8396883,16.95783387,16.81570483,16.21668387,16.03790214,15.72486896,15.91454005,14.88121518,14.56129874,14.78555815,14.71949367,15.25573851,10.31178367,11.44876837,13.05947607,14.4822249,16.67116788,14.84066085
East Asia & Pacific,EAS,6.252610937,6.372733943,6.515526269,6.278874086,6.15864851,6.248892369,6.098138793,5.940662225,5.900065942,5.840706535,5.823598403,5.701272535,5.614256244,5.608815188,5.412341497,9.290840708,6.941569475,6.389034412,6.354671357,6.160685961,5.632056773
Europe & Central Asia (excluding high income),ECA,13.71877246,13.98809245,14.10383835,13.75990178,13.11586161,12.77602581,12.00425793,11.62209892,11.5443206,11.75887675,11.13267144,10.94344118,11.02337333,11.24935628,10.88882571,10.31178367,9.435250846,10.71237398,11.15998899,12.83920467,11.04753359
Europe & Central Asia,ECS,9.214641885,9.21131288,9.02378597,8.97506189,8.805303545,8.636182636,8.269066582,8.166033739,8.175973936,8.235807396,7.991513184,7.898796318,8.044326699,8.152010834,8.021752237,8.441475559,7.18775935,7.065426463,8.326286841,8.671317046,8.021679854
Ecuador,ECU,24.13305692,24.59728507,24.35228802,26.23419366,25.47770701,26.80078895,24.9946714,21.82384559,19.22729447,18.00312349,16.86401148,16.30159657,14.49643279,12.95301148,12.92220348,,14.84983189,19.32717284,23.55584964,23.56442546,14.70745116
"Egypt, Arab Rep.",EGY,13.75683043,13.09406594,12.64827896,11.30453968,12.15707954,11.59628301,10.88582148,10.48438012,9.946581197,9.597122302,10.16240225,8.467275707,11.1190077,11.1365665,10.9529664,,11.00615342,13.16126769,8.92109994,11.54709826,10.36764371
Euro area,EMU,6.395943835,6.249431461,5.876054968,6.025852987,5.992749163,6.160622535,5.859657102,5.907077037,5.996762793,5.937615577,5.855669807,5.741028385,5.968220886,6.128272812,6.057204701,8.001811867,6.572574608,6.288182146,6.03189591,6.040176746,5.950079318
Eritrea,ERI,18.0952381,16.73819742,16.6023166,15.88447653,16.96113074,15.97222222,13.75464684,14.93055556,15.67944251,11.86440678,12.54019293,14.83679525,15.87743733,13.78378378,12.88659794,,,,14.68937027,15.64826333,13.98496145
Spain,ESP,8.720764436,7.71494892,8.022357732,8.754707302,8.700461229,8.968888735,8.500179307,8.441917711,8.299622481,8.375332769,9.184768034,8.927634264,8.734716373,9.484623994,9.599234767,15.19690835,10.74488165,9.112729492,9.221126915,8.449918062,9.186195487
Estonia,EST,14.57770469,16.07921726,14.78831946,11.73343833,10.79192547,10.80842724,11.06658446,11.10746514,10.67951989,10.09226563,8.076211046,7.360583262,7.345199298,6.802259887,6.765225775,,,,14.97084766,12.17248676,7.269895854
Ethiopia,ETH,9.976105137,9.990059642,9.980430528,10.0174216,10.00393856,10.01757469,10.00305904,10.00845785,10.00794281,9.99498998,15,19.99684343,22.91886196,19.01861641,18.65475565,,6.820083096,6.062741152,9.988865916,9.999997984,19.11781549
European Union,EUU,7.065627367,6.919220422,6.618810882,6.601226224,6.522054145,6.639912907,6.339106681,6.394332079,6.423350145,6.416351783,6.27593947,6.113721135,6.294166327,6.372313993,6.217181383,8.406697237,7.046534186,6.820323856,6.817652803,6.593999264,6.254664461
Fragile and conflict affected situations,FCS,21.48968837,21.61778906,20.99183659,20.54054054,20.47526593,22.18580517,21.81938095,22.48718645,24.8808697,25.96328661,21.53563973,21.292574,24.12654396,25.01705636,32.23692929,,11.20339047,15.37959412,19.46610766,22.24516494,24.84174867
Finland,FIN,3.761289585,3.949735521,3.92502168,4.087707231,3.493505737,4.308463914,3.710273107,3.745461259,4.3057134,3.847701508,3.427374371,3.670698358,4.138557896,3.66139467,4.070843246,7.94087928,7.245125122,5.744593779,4.444447278,3.913487294,3.793773708
Fiji,FJI,,,,,,,,,,,,,,,,,,,,,
France,FRA,5.682344764,5.618702846,5.580983689,5.654278509,5.580172671,5.642583288,5.585390354,5.607508133,5.886231061,6.57253285,6.275906678,5.825567288,6.732271584,6.625960067,6.342389366,7.871256796,6.634998216,6.575329633,6.179886133,5.741072817,6.360418997
Faroe Islands,FRO,,,,,,,,,,,,,,,,,,,,,
"Micronesia, Fed. Sts.",FSM,,,,,,,,,,,,,,,,,,,,,
Gabon,GAB,17.79467681,19.54513149,19.50067476,19.49152542,19.48051948,19.05972046,18.7987988,17.64705882,18.16684962,19.43231441,19.48320413,19.79421852,19.45471349,23.1870229,27.77777778,,1.417323807,2.140094017,17.5298637,18.89172701,21.93938737
United Kingdom,GBR,8.318664441,8.389038832,8.050806693,8.109461291,8.47862645,7.055934612,6.993620212,7.081947523,7.302705091,7.544944528,7.031320182,7.556342112,7.870796052,7.507743204,8.354185742,7.985842495,7.212370124,7.961354508,8.111870135,7.732574967,7.664077458
Georgia,GEO,16.82381466,12.18105809,16.64599697,16.15921788,15.58347776,15.60478877,14.24454508,12.84205473,12.95398084,12.63145595,10.8949032,11.20266824,11.2841671,8.002783577,5.785363032,,,,19.3835394,14.56703907,9.433977028
Ghana,GHA,19.47944068,18.56470289,22.16416884,28.83373002,27.12369598,24.57277549,20.67615658,23.30180567,22.87361845,23.63250726,23.22218944,23.11607143,21.53193613,21.54455753,22.58736404,,4.149117925,5.825132503,2.791377416,23.12226019,22.40042371
Gibraltar,GIB,3.2,3.174603175,3.100775194,2.985074627,2.941176471,2.75862069,3.311258278,3.225806452,3.012048193,2.873563218,2.824858757,2.923976608,2.840909091,3.174603175,3.03030303,,3.794659158,5.065151993,3.5526372,3.05829263,2.958930132
Guinea,GIN,,,,,,,,,,,,,,,,,,,,,
"Gambia, The",GMB,,,,,,,,,,,,,,,,,,,,,
Guinea-Bissau,GNB,,,,,,,,,,,,,,,,,,,,,
Equatorial Guinea,GNQ,,,,,,,,,,,,,,,,,,,,,
Greece,GRC,7.998128217,9.314944608,7.376031143,8.507037389,8.839882339,9.419960624,8.474717094,7.749836552,8.031854018,5.275477134,6.594383531,4.765767593,2.650935479,6.819693945,8.24146356,11.27479806,7.342576866,7.666994099,7.584433805,8.098786912,5.814448822
Grenada,GRD,,,,,,,,,,,,,,,,,,,,,
Greenland,GRL,,,,,,,,,,,,,,,,,,,,,
Guatemala,GTM,24.70238095,22.99812191,22.1935067,14.59719666,14.21141594,17.91526898,11.57237325,13.54499772,13.94815325,14.26992373,13.34757675,16.42522601,13.85465363,8.618951613,9.459459459,,5.997399761,13.81681012,15.60637988,16.99533391,12.34117349
Guam,GUM,,,,,,,,,,,,,,,,,,,,,
Guyana,GUY,,,,,,,,,,,,,,,,,,,,,
High income,HIC,6.180412009,5.636616875,6.285482587,5.900641232,6.278513925,6.317202893,6.165150169,6.080713858,5.985054436,6.256955765,6.05889435,6.068997075,6.152668509,6.009959777,5.943498722,8.696000398,7.817093656,6.923123432,6.611013853,6.108674375,6.046803686
"Hong Kong SAR, China",HKG,12.93287798,12.15774544,12.33315848,12.50105607,12.54174297,12.75389457,12.03614988,12.88508934,12.64936569,13.15966126,12.67877146,13.66728035,14.65091134,14.2142091,12.49342254,,11.42467292,10.29699357,12.73438978,12.59507417,13.54091896
Honduras,HND,19.63307777,21.80741504,22.91768144,22.66313933,26.87551525,24.64751026,25.50918197,21.56274665,20.55275615,22.50566038,24.30278884,26.9959493,29.89664083,31.29799356,34.94650411,,13.04156833,11.83888556,22.12651116,22.86746842,29.48797533
Heavily indebted poor countries (HIPC),HPC,14.50791325,15.65750489,14.90338685,15.97282566,17.39041015,16.17107943,16.6233254,16.19699763,18.53249037,18.10805203,17.21818892,19.24449732,17.40578651,17.86180716,18.28088531,,9.938715986,10.25911478,11.76719155,16.40639857,18.00223305
Croatia,HRV,18.30773329,19.2702216,16.34789453,19.27683445,16.00345398,16.32074749,14.77211174,16.1498605,13.34793835,15.10097233,13.66585564,16.28424048,17.81365052,13.93848139,13.12890741,,,,17.29720923,16.48977682,14.96622709
Haiti,HTI,44.60694698,48.98989899,51.00548446,52.14953271,53.19926874,38.30935252,38.24561404,48.29059829,52.88065844,51.17891817,58.43270869,66.48992577,57,56.77725118,60.11616651,,24.50675494,27.13363331,44.3317802,47.88562733,59.76321043
Hungary,HUN,13.75351652,12.84086228,12.16638549,12.41763069,11.8072861,11.02192639,11.05440754,9.907407407,9.713928795,10.03676061,10.1709882,10.50556651,10.63663924,12.09150327,12.35370169,8.887867404,9.831552127,12.99430998,12.88325994,11.47201118,11.15167978
IBRD only,IBD,13.32111753,13.369973,13.06800937,12.59093742,12.3060227,12.19222119,11.63481154,11.26284233,11.04488509,11.01416318,10.45652391,10.03517454,10.06806518,9.962052229,10.03393896,8.93960881,9.970076794,10.90243499,11.62331745,12.18049833,10.11115096
IDA & IBRD total,IBT,13.66457476,13.75372249,13.46357734,12.938456,12.64915449,12.50952797,11.94988841,11.49714249,11.32585178,11.27785724,10.66324717,10.2557626,10.27941459,10.18244916,10.26734461,8.93960881,10.14407022,11.25282615,11.95250429,12.5029753,10.32964363
IDA total,IDA,20.24252796,20.99030485,20.9215635,19.81450438,19.42699769,18.8798106,18.4832255,16.70134963,17.83245509,17.36857282,15.57408534,15.72961458,15.66374296,15.92207895,16.36527625,,13.90240873,18.07911228,18.16775101,19.0661312,15.85095961
IDA blend,IDB,20.56490684,21.60396456,22.31337564,20.75373921,20.23204654,19.30250982,19.26177013,15.24020972,15.70807736,14.96020963,14.51266242,13.81568022,13.96885534,14.44526933,14.93039454,,17.27279129,22.28826431,19.06441261,18.99408094,14.33457237
Indonesia,IDN,11.51352799,12.86270172,16.14441354,16.3692531,11.85223405,11.16373531,11.07370446,10.7202904,10.10808566,9.598530369,9.39825042,9.089669987,8.922161676,9.58290899,9.401165546,,7.140402512,13.46528384,11.43185301,12.14064766,9.278831324
IDA only,IDX,19.89705097,20.33383488,19.37471039,18.77206437,18.55377907,18.43631963,17.68985058,18.09428121,19.77329281,19.49685535,16.49702495,17.35752626,17.09031864,17.22196948,17.62697635,,10.942189,14.03743097,17.00249576,19.04220393,17.15876314
Isle of Man,IMN,,,,,,,,,,,,,,,,,,,,,
India,IND,27.22068922,28.24195685,26.68001088,26.74018226,25.66334937,25.16558235,23.65556796,22.76850708,21.25537069,21.12673907,19.86255074,19.39441768,18.89775068,18.49419624,19.33040732,,17.23105849,18.35402331,20.0453125,24.85179557,19.19586453
Not classified,INX,,,,,,,,,,,,,,,,,,,,,
Ireland,IRL,8.532927808,7.741961676,7.913698024,8.189533808,8.074558794,7.99578553,7.803510842,7.799762991,7.429450314,7.514843694,7.534781374,7.554115741,7.44998342,7.953079179,7.920024799,11.73497667,10.54209618,9.666931197,8.805452565,7.899603348,7.682396903
"Iran, Islamic Rep.",IRN,15.82364525,15.8504828,16.86967372,16.75678135,17.18927857,18.15843852,18.54506389,18.97875344,17.53647509,15.60599901,14.19219691,14.54101611,14.47010335,14.49850248,12.60337425,,3.92107669,10.07764685,12.49632199,17.13145916,14.06103862
Iraq,IRQ,8.589341693,6.871104772,6.868853911,5.882145378,6.121690664,30,28.2677468,40.93329723,48.85599653,48.68285465,35.90005725,38.50620559,43.02012256,39.85656088,50.63156652,,5.001855372,4.999950354,4.986224355,23.10730316,41.58290256
Iceland,ISL,4.112441437,4.394373211,4.693441065,5.764705882,4.430012757,4.386368869,4.159113797,4.132921433,3.497904901,3.017702269,4.097543819,2.922549532,2.769388569,2.064473394,2.747889422,15.89557936,10.10476109,9.179619873,7.235160503,4.258898562,2.920368947
Israel,ISR,3.370760179,3.051125117,3.054945055,3.054781999,2.929418981,2.857907082,2.71964872,2.652810827,2.09641767,3.201352531,2.75810278,2.748035322,2.755424345,4.186099605,2.857941559,,6.182465752,4.390921498,4.360223327,2.898916816,3.061120722
Italy,ITA,7.113776714,7.118950768,7.127826701,7.296753505,7.055315322,6.948524458,6.475977523,6.805484359,6.520650534,7.05845631,6.884825603,6.934355126,7.063619668,7.358922437,6.993844295,10.46939346,8.315426152,8.916450573,7.453783659,6.952171619,7.047113426
Jamaica,JAM,8.522555253,8.473557692,8.912604557,8.67618248,10.12886241,11.50633252,12.57861635,11.0406938,23.77804014,22.30559345,20.87962963,22.01099404,25.94173782,27.47307789,26.74587779,,10.20188666,16.87159554,10.66229908,12.59230387,24.61026343
Jordan,JOR,10.96949153,12.00158961,12.30939498,14.08556417,12.21144195,13.37269526,13.66906475,14.37581724,14.07717878,14.18161435,13.46010692,14.66511914,10.6109906,10.35741181,10.74643249,,13.88371925,14.64800139,9.447764953,13.12538526,11.96801219
Japan,JPN,4.314800587,4.232281811,4.543576959,4.605635627,4.402212007,4.266999597,4.247144552,4.224745209,4.459505726,4.523998731,4.135645016,4.359112541,4.092626383,4.484670596,4.307817227,8.6911139,5.481096099,4.183775702,4.587212139,4.382090081,4.275974352
Kazakhstan,KAZ,13.96422726,11.38294317,10.04250797,9.720351987,10.21435507,10.2377408,9.281717069,9.387973576,8.856299874,8.222589252,8.025796772,7.353382764,7.694711098,10.83949324,6.740396695,,,,13.6811193,10.1310706,8.130756114
Kenya,KEN,21.6425362,20.9348693,22.65003227,20.87845969,18.0294282,18.9836348,17.58521822,16.39141843,16.06382979,15.76383764,15.95888558,17.13733075,18.45230807,17.98107256,17.55238712,,13.13751423,14.05373931,17.52846075,18.89232645,17.41639682
Kyrgyz Republic,KGZ,25.39012792,34.19916587,37.14141922,29.38449469,30.21596988,34.48391646,32.10080562,30.90357384,31.30036475,24.88495895,24.09090909,22.35783085,22.15849156,20.27692527,23.73044194,,,,19.19663751,31.00047972,22.52291974
Cambodia,KHM,11.16071429,11.00196464,13.5989011,14.94102228,12.7607362,11.09958506,12.04410517,14.4772118,11.06612686,14.0600316,28.6,27.9245283,18.27057183,28.06524184,23.41606793,,,,16.61361474,12.6210399,25.25528198
Kiribati,KIR,,,,,,,,,,,,,,,,,,,,,
St. Kitts and Nevis,KNA,,,,,,,,,,,,,,,,,,,,,
"Korea, Rep.",KOR,4.315382323,3.910887406,4.215837285,3.214536512,3.489793024,3.539293688,3.626171477,3.602916143,3.628000432,3.712838406,3.630631465,3.351581473,3.256895854,3.404221301,3.346975265,,8.048742517,5.573150235,4.332335103,3.72556567,3.398061072
Kuwait,KWT,11.00145407,11.00032071,11.00049502,10.99944726,10.99961218,11.35729638,11.42058941,12.20642832,12.58768285,12.43047204,12.08683301,12.32573925,14.19359987,12.13144862,11.66103776,,7.999775838,7.730134577,8.766426992,11.50037983,12.4797317
Latin America & Caribbean (excluding high income),LAC,15.40196009,15.12852913,15.25444645,14.31450419,15.31054457,15.30846262,15.48241586,15.30988752,15.18169315,15.4730984,15.2844947,14.79420492,14.87083658,14.76135749,14.2903733,,11.94923638,12.8442137,15.33553047,15.2165542,14.8002534
Lao PDR,LAO,,,,,,,,,,,,,,,,,,,,,
Lebanon,LBN,14.31524548,14.04622557,13.14477304,12.57251848,12.64172336,12.86165816,13.27901534,13.14499377,12.60611524,12.99106819,11.8953666,11.41460434,9.25401322,9.441299251,10.46680036,,10.10065004,10.09546363,12.57468055,13.16033366,10.49441675
Liberia,LBR,,,,,,,,,,,,,,,,,,,,,
Libya,LBY,23.18017553,23.79119856,12.5377902,12.53761284,12.53513487,12.53528582,9.945867335,13.51681025,33.11937487,36.44355184,35.75465323,31.5281357,59.03428155,61.48023106,69.69600594,,21.59336185,31.70995915,24.73324507,19.01428021,51.49866149
St. Lucia,LCA,,,,,,,,,,,,,,,,,,,,,
Latin America & Caribbean,LCN,15.86433507,15.72186059,15.73322814,14.94215378,16.01134868,16.07676848,16.14434884,15.99917048,15.86926183,16.22966378,15.25894666,14.81608458,14.78057579,14.7508885,15.61866728,,11.97406089,12.99858427,15.59295217,15.85921397,15.04503256
Least developed countries: UN classification,LDC,15.01371303,15.36358831,14.38777253,14.29713693,14.83087814,14.44784889,13.56698048,13.88239241,17.19947035,16.44750665,15.00288705,16.30629945,15.9763146,16.30609078,15.96602216,,12.63665222,14.86138206,16.32347582,14.94372877,15.91152281
Low income,LIC,18.16134102,18.01225523,16.8131829,16.54424543,16.73486177,15.7138984,15.96362431,17.48526162,18.5109326,19.47609368,15.7243802,16.89207908,15.83634385,15.72204146,16.89800296,,9.27653364,10.22861167,15.80306807,17.3415697,16.21456951
Liechtenstein,LIE,,,,,,,,,,,,,,,,,,,,,
Sri Lanka,LKA,20.95945174,18.89101902,18.47043883,18.71435977,16.57559199,16.13041613,16.43157895,15.76608423,14.83258371,14.33006209,13.76724377,12.13758792,10.01596504,9.989187391,11.44370436,,15.70923129,15.99816049,17.88419985,17.11015865,11.4707377
Lower middle income,LMC,20.86563298,21.53434577,21.10124973,20.61413176,19.61283977,19.05952104,18.40421813,17.57943138,16.87510297,16.56020239,15.7088391,15.35713942,15.28179602,15.18872003,15.44550801,,14.22696186,16.65342312,15.98251493,19.22066759,15.39640052
Low & middle income,LMY,13.64578742,13.72277219,13.43439065,12.91663674,12.56689379,12.41411317,11.85933888,11.3721026,11.21248819,11.13321356,10.63266159,10.22591572,10.25492177,10.15457183,10.0831144,10.31178367,10.55060193,11.52116385,11.8583278,12.42777372,10.27023706
Lesotho,LSO,,,,,,,,,,,,,,,,,,,,,
Late-demographic dividend,LTE,10.35575408,10.26297798,10.13375344,9.659499666,9.500266845,9.51083081,8.998311243,8.587338789,8.470486448,8.318395972,8.089531153,7.707835374,7.684004315,7.53412952,7.231428499,9.097755761,9.170684304,9.229684477,10.02938568,9.379761526,7.649385772
Lithuania,LTU,11.51874831,9.859351065,8.245634324,7.504780115,6.84193686,8.525841138,9.017140018,8.299925761,7.616117656,6.617496415,19.80376452,20.53697598,19.49657761,20.69292833,21.97950378,,,,11.23485886,8.404697167,20.50195004
Luxembourg,LUX,9.71563981,4.728950404,1.46011396,1.470060954,1.153163808,3.464755078,3.230376877,3.561387067,4.292002935,3.680203046,3.777089783,4.566037736,4.388828437,6.54407788,6.299212598,3.910844934,6.20894992,9.752882081,22.59890358,3.675665394,5.115049287
Latvia,LVA,23.98452611,23.13084112,24.98113208,22.6918239,18.87396033,17.04035874,16.7245962,16.72605324,15.13083049,13.30579996,10.94009356,10.10830325,9.064374899,9.260750523,9.044932892,,,,27.92968153,19.25899222,9.683691024
"Macao SAR, China",MAC,,,,,,,,,,,,,,,,,,,,,
St. Martin (French part),MAF,,,,,,,,,,,,,,,,,,,,,
Morocco,MAR,8.403949312,8.626877575,5.375779455,4.053564966,4.57497882,6.365992742,6.519331454,7.3729708,10.36964981,11.07590447,11.31294356,10.69343358,11.75781965,13.02481604,14.70465456,,10.44901907,9.751396471,6.636857901,7.27389994,12.29873348
Monaco,MCO,,,,,,,,,,,,,,,,,,,,,
Moldova,MDA,25.49054584,26.12251711,27.80942517,30.63138503,29.11088225,29.53255426,30.17071569,28.71655943,28.87744935,23.47531462,23.55635531,21.05081231,21.66494312,25.22823425,21.52868623,,,,18.30016159,27.99373488,22.60580624
Madagascar,MDG,,,,,,,,,,,,,,,,,,,,,
Maldives,MDV,,,,,,,,,,,,,,,,,,,,,
Middle East & North Africa,MEA,11.7127432,11.39179173,11.29025316,10.47883866,11.4186436,12.87430109,12.37121873,13.17012271,13.85564015,13.72032307,12.69167849,12.54760872,13.61775512,13.35373329,13.49063067,,7.896440273,9.842528115,9.869129162,12.22838761,13.14028126
Mexico,MEX,13.84854747,14.05779763,14.16912213,12.31240766,14.69002412,14.92136158,15.3606256,15.26885612,15.37567532,15.85485184,16.06027503,15.06254315,14.33788587,14.30080114,13.70565447,,11.80450916,11.74447677,13.73713137,14.58592695,14.69343193
Marshall Islands,MHL,,,,,,,,,,,,,,,,,,,,,
Middle income,MIC,13.57994776,13.65825869,13.38474561,12.8661881,12.50940759,12.36828398,11.80367197,11.29263927,11.11816717,11.0249529,10.56855368,10.15122782,10.19728118,10.10320915,10.02171414,10.31178367,10.60514097,11.56591701,11.80368708,12.3606263,10.2083972
North Macedonia,MKD,15.13727793,16.83432883,20.29223444,19.39744731,20.6539673,22.93287237,24.02226663,23.22253001,22.88068452,17.38429994,17.61707989,20.53558219,20.69626317,18.90383984,19.89207294,,,,10.8466633,20.27579093,19.52896761
Mali,MLI,,,,,,,,,,,,,,,,,,,,,
Malta,MLT,12.25873761,13.1755018,13.15789474,13.14847943,13.13176895,11.42857143,12.20698806,13.67595819,14.35986159,15.63653137,6.527909177,7.021569527,8.413251962,6.974677921,4.677060134,,0,6.455545515,10.20624911,13.21802932,6.722893744
Myanmar,MMR,31.30128957,31.13670292,31.25493291,29.05069124,30.29060439,39.09574468,29.34782609,30.6297859,29.00936273,28.3026996,16.61142781,20.22699635,25.26090198,21.51547318,20.49162958,,19.80439524,27.79860627,33.91011628,30.941964,20.82128578
Middle East & North Africa (excluding high income),MNA,15.65923527,15.25631098,14.54492961,14.04062586,14.35931395,16.05307523,16.2545187,17.45888952,18.44274787,18.22919622,16.40718999,16.03310725,18.1991909,18.51714482,19.34338626,,8.407908303,12.01863353,12.54711543,16.02988432,17.70000384
Montenegro,MNE,,,,,,27.06005587,28.79403794,32.08955224,25.63649222,25.97826087,16.58378916,24.77409639,24.4374121,19.21419518,17.55436495,,,,,27.91167983,20.51277156
Mongolia,MNG,19.55193483,19.9867418,18.73393316,15.583174,14.53224342,12.28429365,12.4717833,11.94271818,10.89727568,12.23075019,11.70878739,14.19753086,14.01578073,14.74103586,14.75074405,,,6.989820735,14.9916804,14.82148482,13.88277578
Northern Mariana Islands,MNP,,,,,,,,,,,,,,,,,,,,,
Mozambique,MOZ,10.09694719,10.61001262,10.61202014,12.72577244,14.00887827,12.26194957,14.08020628,14.49987559,14.83440206,14.40193362,14.7425897,14.59298871,14.78966108,17.77106412,14.72046889,,35.37376455,25.90392957,27.32761378,12.81319978,15.3233545
Mauritania,MRT,,,,,,,,,,,,,,,,,,,,,
Mauritius,MUS,8.998875141,9.000523286,8.974358974,8.981748319,8.96073903,8.978873239,8.468085106,8.640973631,8.447399296,7.683352736,7.21457791,7.103625046,6.828745084,6.371191136,6.196799455,,16.36863456,18.20700956,9.006505314,8.713492876,6.742987726
Malawi,MWI,,,,,,,,,,,,,,,,,,,,,
Malaysia,MYS,7.999422424,8.0003939,8.000107746,8.000611707,8.000340285,8.000193534,7.999554714,7.999712868,7.999918201,5.674853237,6.168961262,9.352929801,6.221117569,3.84971232,5.792403827,,9.773586438,11.3357664,9.566208448,7.767510861,6.277024956
North America,NAC,5.967745522,4.828127826,6.460601134,5.725173663,6.395145689,6.55986989,6.516118482,6.339613361,6.007321634,6.571756467,6.306417687,6.35766137,6.571058586,6.292920202,6.286488615,8.779773225,8.673385435,7.387041316,6.964690625,6.137147367,6.362909292
Namibia,NAM,14.4989339,18.16680429,16.09517145,15.13019001,10.80493111,23.07228916,21.85554172,22.71573604,20.54707379,17.11409396,25.21072797,25.17482517,25.92818016,27.72351615,36.24833111,,,,22.85722643,18.00007654,28.05711611
New Caledonia,NCL,,,,,,,,,,,,,,,,,,,,,
Niger,NER,18.93203883,21.11111111,16.23036649,26.80412371,28.7804878,29.25764192,36.69724771,43.75,39.47368421,44.74708171,38.90784983,40.35087719,39.59899749,33.63431151,41.76072235,,,,,30.57837835,38.85055168
Nigeria,NGA,38.14762002,38.71426724,37.53074959,33.39278637,31.08135942,23.70534007,31.07312852,11.53277048,9.422074846,5.865399201,17.21603308,9.547236813,8.656726817,15.11962054,16.10727213,,16.15681731,32.16487891,38.27974425,26.04654957,13.32937787
Nicaragua,NIC,30.45512548,30.51587302,30.15267176,29.54545455,27.96030116,27.04031465,26.96234844,22.10099751,21.27343053,20.56183029,18.47499317,17.62552301,15.92656909,15.43446952,20.8277103,,12.8516792,15.48956761,24.05545339,26.65683474,17.65785302
Netherlands,NLD,5.485825217,5.394873109,5.319802878,5.339916131,5.299662102,5.409273326,5.51131707,5.252698141,5.056158881,4.613381886,4.722897627,4.561129489,5.025266704,5.045411654,4.770929625,5.814487403,4.746748292,4.152373189,4.6988768,5.268290874,4.82512702
Norway,NOR,8.196560266,8.201801742,7.1122543,8.658560594,9.884021906,7.286239936,8.343370015,7.428441284,6.872667266,5.785660297,7.701358347,6.416871093,6.20414064,6.024611049,6.079617068,10.08727223,8.79557335,7.829720157,7.029729781,7.776957761,6.485319639
Nepal,NPL,21.21760096,20.99625067,19.64201602,19.49713277,27.12985939,28.34583498,29.65793304,30.26504298,31.86344239,34.44622793,34.32044888,31.55784651,30.26463964,32.84048905,32.20963919,,26.43137138,21.45633165,20.91903745,26.30613411,32.23861265
Nauru,NRU,,,,,,,,,,,,,,,,,,,,,
New Zealand,NZL,7.758554794,7.651875063,7.415885205,7.09468573,6.992713004,6.930739155,6.90564653,6.922953855,7.137807576,6.885600534,6.905843577,6.741901401,6.768480029,6.674678746,6.544075394,14.9982642,12.75663348,11.75472889,7.280324022,7.169646145,6.726995829
OECD members,OED,6.490968004,5.938105961,6.583931795,6.21140739,6.576863506,6.593412594,6.510793061,6.417474466,6.311186594,6.587150794,6.387218077,6.374167701,6.468431971,6.397898915,6.328610118,8.699532573,7.874024357,7.072975645,6.842066118,6.422129417,6.391265357
Oman,OMN,20.29414993,19.0202321,20.40460749,20.94455852,18.55813549,22.18273711,20.43325527,20.13974517,17.88273413,18.10788832,15.27322267,12.99259395,13.6307311,10.94131098,10.88299918,,12.44352045,11.95120205,13.70863928,19.79680435,12.74417157
Other small states,OSS,7.607292062,8.172796264,7.719377319,7.154736723,6.875985574,7.621972402,7.493133551,7.378491703,8.438841552,8.208882698,7.476229967,6.79553322,6.628481643,6.727373117,6.201582813,15.89557936,7.111681403,5.87403097,7.651426214,7.667150985,6.765840152
Pakistan,PAK,24.26742616,26.06378572,26.47548346,25.20227638,24.56761144,24.0374243,22.31069207,19.59210127,21.1709745,19.88002978,16.22626716,16.88295299,17.0319896,16.26888043,17.13556661,,26.02407926,23.40194495,23.62824953,23.35678051,16.70913136
Panama,PAN,23.85921833,20.80405933,20.95220102,18.57962697,16.94150321,15.96018534,15.47837702,14.11090458,12.10894942,14.69269704,14.33021807,14.35694196,13.83238405,13.61911141,14.29955852,,12.87063354,18.82508319,22.70734822,17.34877223,14.0876428
Peru,PER,11.48438285,10.76138223,10.35345494,10.10731111,9.725829726,9.337621083,9.31720155,8.486184892,8.196114709,8.156943727,10.12538312,5.805267318,8.456553829,10.49050706,10.96968902,,10.43221577,12.07711402,15.7224515,9.592642682,9.169480067
Philippines,PHL,14.00971517,12.1424017,12.31765944,12.86361919,12.91527423,12.05119593,12.12510787,12.76274513,12.62721757,12.11059253,11.51427475,11.10211634,11.46446154,10.28485638,9.40954156,,4.910014209,13.92243292,15.16133365,12.59255288,10.75505011
Palau,PLW,,,,,,,,,,,,,,,,,,,,,
Papua New Guinea,PNG,,,,,,,,,,,,,,,,,,,,,
Poland,POL,9.9417492,9.878166726,10.10533407,9.639421635,9.45984923,9.373773003,8.721479933,9.080315695,8.137159847,8.293354332,7.544131034,6.521659167,6.730525444,6.247332675,6.466550584,8.776054976,8.778029252,9.84006636,11.48791944,9.263060367,6.702039781
Pre-demographic dividend,PRE,15.64352105,15.90060953,16.17333359,15.55862545,16.37415291,20.90518583,21.92901962,21.44185102,25.42614424,24.38565783,22.37548547,23.13726462,21.9373726,23.63878047,27.82247415,,10.2347192,12.81624191,14.9132246,19.37381011,23.78227546
Puerto Rico,PRI,,,,,,,,,,,,,,,,,,,,,
"Korea, Dem. People's Rep.",PRK,15.80412371,15.80693069,15.80703883,15.80626726,15.80576162,15.80394553,15.8056608,15.8063467,15.80693816,15.80915416,15.80963811,15.81192136,15.81409857,15.81387737,15.81327824,,9.399787785,9.550710732,13.22228676,15.80621675,15.81256273
Portugal,PRT,8.413262012,8.787471842,7.671412924,8.342468992,9.05034912,9.119251754,7.588109354,6.780962129,9.200659703,7.663392749,7.971540854,7.88236201,10.32780411,10.79471247,10.02521219,14.11572406,11.56908131,12.26838362,10.27122009,8.261734058,9.400326326
Paraguay,PRY,2.669558065,3.210715625,3.237783125,3.637171389,4.240241859,4.62807333,4.945708761,5.060958585,5.253858359,5.696974108,6.231272889,5.957483731,6.38333195,5.783276196,6.578994971,,10.88517853,8.126384028,1.312504529,4.258104321,6.186871947
West Bank and Gaza,PSE,,,,,,,,,,,,,,,,,,,,,
Pacific island small states,PSS,,,,,,,,,,,,,,,,,,,,,
Post-demographic dividend,PST,6.355893633,5.832607503,6.492523445,6.122375357,6.396313464,6.3564288,6.24742718,6.126904993,6.017985422,6.270145462,6.075002268,6.088829788,6.186867402,6.099582424,6.026833989,8.687755787,7.800474176,6.889529747,6.668957703,6.221860526,6.095423174
French Polynesia,PYF,,,,,,,,,,,,,,,,,,,,,
Qatar,QAT,6.930151084,6.97417345,6.983546618,6.968031968,6.922088718,7.078355099,7.107728337,7.131846676,7.078090303,6.279493336,6.278425242,6.231695412,6.232213183,6.227645091,6.050346325,,4.508011487,7.431360486,6.141597203,6.945350559,6.20406505
Romania,ROU,12.76427774,12.64990903,12.21521878,8.657961552,10.74886281,10.23345059,10.49173007,10.94644334,11.06903134,12.17332571,11.64321417,11.51792771,12.01551707,11.99432828,10.88463544,,7.224358445,5.605974238,10.83522071,11.1950211,11.61112453
Russian Federation,RUS,11.59665841,11.8616986,12.09654205,12.08570666,12.10779596,11.83682223,10.8253133,10.34686239,10.51971677,10.78658041,10.12753398,9.971690435,9.975283196,10.1167845,10.031412,,,,9.541462605,11.40636968,10.04454082
Rwanda,RWA,,,,,,,,,,,,,,,,,,,,,
South Asia,SAS,26.55238751,27.53622344,26.19072626,26.07997247,24.92446792,24.39779185,22.88405474,21.83593271,20.90848485,20.64543806,19.20434096,18.83518088,18.44054149,18.07862209,18.83677933,,18.26563183,19.12186558,20.46486723,24.19554798,18.67909295
Saudi Arabia,SAU,7.235856757,5.666813792,6.934018175,4.576470588,8.085691947,10.54881788,7.6049693,8.234707534,8.673849167,8.27567463,8.909179521,9.400304706,8.752944641,7.04781756,6.781139555,,8.205329572,7.780339856,6.389444626,7.583686977,8.178277197
Sudan,SDN,15.53133515,34.22535211,27.48140963,27.4895647,27.48774156,20.4913748,23.11435523,23.44154551,21.92154014,21.92266215,19.30924123,20.54405677,19.01229334,22.90937378,14.28445851,,17.14471967,15.77068141,25.40965604,24.3106881,19.21188473
Senegal,SEN,37.34413965,33.93234672,25.88062622,37.4301676,32.99469965,30.14937107,25.54325543,19.01355422,30.55355859,16.96990903,16.38491547,15.70929864,16.28985507,16.65262567,12.86675639,,15.57475477,16.05654264,16.85867687,28.98116282,15.58069025
Singapore,SGP,3.638086215,6.005016773,6.560120009,5.50775501,5.889543886,3.124591108,2.692561229,2.873605135,2.54332766,1.790870926,2.854875333,2.542483376,1.896915118,2.295232338,2.029161604,,5.762880109,4.927158187,3.938332478,4.062547795,2.323733554
Solomon Islands,SLB,,,,,,,,,,,,,,,,,,,,,
Sierra Leone,SLE,,,,,,,,,,,,,,,,,,,,,
El Salvador,SLV,13.38466094,13.38081913,13.37671728,13.38155515,16.1483785,11.0926809,12.20159151,7.847186371,11.980563,12.27555249,12.85093583,11.96777906,9.780343114,7.254464286,11.32894103,,12.54432689,14.70305594,14.42498245,12.50697053,10.63649266
San Marino,SMR,,,,,,,,,,,,,,,,,,,,,
Somalia,SOM,,,,,,,,,,,,,,,,,,,,,
Serbia,SRB,16.37668424,16.7862226,16.97946378,16.24441554,14.94719524,14.66524099,15.69310052,15.76744186,16.02725965,15.83021819,16.09705261,15.36924048,15.50689779,14.02350422,15.43682354,,,,13.36708426,15.93172426,15.28670373
Sub-Saharan Africa (excluding high income),SSA,11.22183034,11.31581171,10.63428684,11.44751565,12.96002746,11.34842033,11.89536275,10.4599187,11.04300427,11.64857049,12.04380497,11.25204992,10.9766569,11.58776507,11.740747,,7.828352584,8.288452962,9.956049822,11.39747485,11.52020477
South Sudan,SSD,,,,,,,,,,,,,5.842696629,5.720338983,5.737704918,,,,,,5.76691351
Sub-Saharan Africa,SSF,11.22183034,11.31581171,10.63428684,11.44751565,12.96002746,11.34842033,11.89536275,10.4599187,11.04300427,11.64857049,12.04380497,11.25204992,10.9766569,11.58776507,11.740747,,7.828352584,8.288452962,9.956049822,11.39747485,11.52020477
Small states,SST,7.698377771,8.168132141,7.84784673,7.135327876,7.117302757,7.804595218,7.640696335,7.310895767,8.657684394,8.472811198,7.668885487,7.091169801,6.989795509,7.091837914,6.58203974,15.89557936,6.860107726,6.1908062,8.018374328,7.785367019,7.08474569
Sao Tome and Principe,STP,,,,,,,,,,,,,,,,,,,,,
Suriname,SUR,8.959044369,8.987854251,8.976261128,9.029345372,9.026297086,9.025032938,8.996088657,9.003215434,8.995937319,9.022988506,8.526682135,9.021014864,9.026369168,9.02014652,8.71559633,,,,,9.002206506,8.861961804
Slovak Republic,SVK,5.70166894,4.162481165,3.439711909,6.257664752,4.326986211,5.380836948,4.476656747,5.177111717,3.487482615,3.017091709,3.116807457,1.820559955,4.497317142,2.665357368,2.456902903,,8.636109081,8.160827398,7.381376603,4.542769271,2.911388965
Slovenia,SVN,5.952730476,5.039402737,5.0486368,6.193921852,5.723266322,6.304160878,5.70956004,5.76347803,4.951521434,5.444126074,6.041218087,5.177505498,5.627733471,5.364033146,4.783546,,,,5.254414897,5.613080464,5.39880724
Sweden,SWE,7.446757235,7.305300288,8.101567825,7.879360905,7.20958905,7.393679159,7.584132434,7.16354327,7.328512149,7.250885772,7.129866631,7.034088943,6.585714629,6.536584091,4.776169947,11.51220256,9.020608866,7.645831232,6.654420437,7.466332809,6.412484848
Eswatini,SWZ,,,,,,,,,,,,,,,,,,,,,
Sint Maarten (Dutch part),SXM,,,,,,,,,,,,,,,,,,,,,
Seychelles,SYC,,,,,,,,,,,,,,,,,,,,,
Syrian Arab Republic,SYR,30.69754531,28.18209045,24.76707243,22.83885823,20.61601771,19.37025905,19.28492879,21.8104653,21.3685006,25.63729565,15.30390192,15.43239369,15.20896288,13.94481431,15.91588741,,12.39980537,16.88413607,27.93570224,23.45730335,15.16119204
Turks and Caicos Islands,TCA,,,,,,,,,,,,,,,,,,,,,
Chad,TCD,,,,,,,,,,,,,,,,,,,,,
East Asia & Pacific (IDA & IBRD countries),TEA,7.657946323,7.795262763,7.918378037,7.477355049,7.126199467,7.361834218,7.006637243,6.735390526,6.568314846,6.389887081,6.423304373,6.158210276,6.113091347,6.043878081,5.813362459,,8.163955101,8.498088553,7.980955498,7.203720555,6.110369307
Europe & Central Asia (IDA & IBRD countries),TEC,13.39810333,13.63884365,13.72753101,13.29520906,12.7591655,12.43821562,11.70461021,11.42675945,11.28026312,11.52401777,10.89096155,10.64552705,10.75827836,10.90316802,10.57572088,8.93960881,8.522339158,9.015160152,11.19874383,12.51927187,10.75473117
Togo,TGO,47.42857143,35.77235772,51.31578947,48.29545455,47.31182796,45.5026455,45.70135747,53.06122449,,66.44736842,49.16201117,71.875,82.88288288,,71.03448276,,12.13272663,25.30867845,14.30834995,48.98184411,68.7385942
Thailand,THA,7.90814466,9.200351494,7.261519268,7.310463914,7.938628934,8.105327655,8.05812227,6.464032139,6.073555547,5.913985741,6.344579431,6.944631421,5.695003836,6.067469795,6.111201261,,9.424221616,10.36518266,9.16675785,7.423413162,6.232577149
Tajikistan,TJK,15.04176318,15.22041441,15.23330284,15.30680235,14.88690801,16.06787595,16.20903454,16.88578941,18.48640614,13.02351554,14.17706115,13.98571253,14.40438317,14.770669,17.02282661,,,,11.64055305,15.63618124,14.87213049
Turkmenistan,TKM,14.25088878,14.07163054,14.02803738,13.61111111,13.66610738,13.84555382,13.36263736,13.11155914,13.80319149,13.10387985,12.79711885,12.71777003,12.5915493,12.6391097,12.48529412,,,,10.4566559,13.68545969,12.6461684
Latin America & the Caribbean (IDA & IBRD countries),TLA,15.8657626,15.72534958,15.73769958,14.93766306,16.0198413,16.08844203,16.14518148,15.98696334,15.8690686,16.23971877,15.25054579,14.80512421,14.76845198,14.74292475,15.62282972,,11.99745324,12.96310063,15.55922701,15.86156903,15.03797529
Timor-Leste,TLS,,,,,,,,,,,,,,,,,,,,,
Middle East & North Africa (IDA & IBRD countries),TMN,15.65923527,15.25631098,14.54492961,14.04062586,14.35931395,16.05307523,16.2545187,17.45888952,18.44274787,18.22919622,16.40718999,16.03310725,18.1991909,18.51714482,19.34338626,,8.407908303,12.01863353,12.54711543,16.02988432,17.70000384
Tonga,TON,,,,,,,,,,,,,,,,,,,,,
South Asia (IDA & IBRD),TSA,26.55238751,27.53622344,26.19072626,26.07997247,24.92446792,24.39779185,22.88405474,21.83593271,20.90848485,20.64543806,19.20434096,18.83518088,18.44054149,18.07862209,18.83677933,,18.26563183,19.12186558,20.46486723,24.19554798,18.67909295
Sub-Saharan Africa (IDA & IBRD countries),TSS,11.22183034,11.31581171,10.63428684,11.44751565,12.96002746,11.34842033,11.89536275,10.4599187,11.04300427,11.64857049,12.04380497,11.25204992,10.9766569,11.58776507,11.740747,,7.828352584,8.288452962,9.956049822,11.39747485,11.52020477
Trinidad and Tobago,TTO,7.309030958,7.583274274,7.583274274,4.846978406,5.723172628,5.511476339,3.810848401,3.309015112,2.897425947,3.710314931,3.123158515,2.770177839,2.61717039,2.461862178,2.304194037,,0,2.026357334,9.556029443,5.228481127,2.655312592
Tunisia,TUN,10.54171385,11.07794944,10.62410269,12.30292294,12.92294807,13.48234737,13.54413904,13.61088871,13.74364687,12.33936533,11.44637185,13.66915197,15.15419966,14.72716392,14.79977087,,12.53312743,12.08459896,10.25747422,12.41900243,13.95933165
Turkiye,TUR,19.0166664,19.00916684,18.49459042,17.10899766,15.42356236,14.84600756,14.07268334,13.91066935,13.85005393,14.88152681,14.30911708,14.11071829,14.88834887,15.46257818,14.81606426,10.31178367,10.29024921,12.40590823,15.44277761,16.06139247,14.71736533
Tuvalu,TUV,,,,,,,,,,,,,,,,,,,,,
Tanzania,TZA,22.12783172,24.23698384,16.41896674,8.725084618,12.01318155,15.302391,26.79814385,21.916826,18.84256095,35.5621177,19.83314372,22.75672492,18.75111827,19.18868877,17.65557164,,13.58011004,19.57348698,17.88084097,20.1944088,19.63704946
Uganda,UGA,,,,,,,,,,,,,,,,,,,,,
Ukraine,UKR,18.07916202,19.70972726,19.29573894,17.80109651,15.0041202,13.33795915,12.36227766,11.69522703,11.61195518,11.91805044,11.48929184,10.90598519,10.79888891,10.69352524,10.77895315,,,,11.8114075,15.08153144,10.93332887
Upper middle income,UMC,10.91589549,10.75301037,10.56558931,10.10949129,10.05056363,10.10755794,9.634151713,9.299852241,9.321291433,9.275405739,8.980400973,8.555288803,8.627732282,8.549176751,8.320970004,10.31178367,9.521146683,9.753145449,10.32173084,10.00328092,8.606713762
Uruguay,URY,18.52925672,15.97837838,16.73086934,20.88821541,30.726067,23.32725853,18.42620616,12.20029705,11.79153837,12.76643735,11.02319236,12.44199536,12.19212985,10.99296862,9.627353054,,17.06219595,11.72107485,16.28091334,18.13645243,11.25552785
United States,USA,5.691270367,4.414208388,6.199460113,5.612643659,6.410628532,6.305203206,6.228685727,6.175953968,5.666984421,6.258902217,5.993965133,5.998379803,6.292678518,5.955568245,5.911386391,8.850932187,8.68669928,7.349244582,6.947479916,5.89639406,6.030395618
Uzbekistan,UZB,9.081597815,8.930172432,8.819712026,8.846153846,8.846,8.841463415,8.837391987,8.833503575,8.829959514,8.826826827,8.82205029,8.81870229,8.815238095,8.815498155,8.815884477,,,,9.075533956,8.869278144,8.817474661
St. Vincent and the Grenadines,VCT,,,,,,,,,,,,,,,,,,,,,
"Venezuela, RB",VEN,24.26381771,25.2399605,24.76375038,25.49486644,26.61539086,27.04680027,26.57169767,27.50013133,27.21023999,27.23197859,20.11163363,20.45845661,20.64314074,20.80789217,36.04471828,,12.54273954,14.85154925,20.22627674,26.19386337,23.61316829
British Virgin Islands,VGB,,,,,,,,,,,,,,,,,,,,,
Virgin Islands (U.S.),VIR,,,,,,,,,,,,,,,,,,,,,
Vietnam,VNM,13.76830692,13.86238892,14.00156442,12.88210141,13.00612435,11.66318771,11.34511431,11.11061366,10.08365579,9.600240457,10.11243059,9.548197402,9.112014423,9.197626625,9.286712285,,21.99865725,18.83276898,21.33262174,12.13232979,9.451396264
Vanuatu,VUT,,,,,,,,,,,,,,,,,,,,,
World,WLD,8.853739284,8.622984819,8.96889103,8.647416168,8.833371852,8.864808152,8.652721741,8.477659848,8.402569093,8.60080801,8.26414029,8.165723048,8.268636013,8.200009316,8.250599185,8.699532573,8.173522805,7.844105801,8.431147368,8.692497,8.229821571
Samoa,WSM,,,,,,,,,,,,,,,,,,,,,
Kosovo,XKX,23.03009807,23.02139037,23.01480485,23.00275482,23.00342969,22.94751009,20.1398286,18.67631851,18.4618365,19.37299035,17.97600619,16.22134115,15.63183577,13.47126437,15.04782929,,,,,21.46709619,15.66965535
"Yemen, Rep.",YEM,27.61433149,28.05774993,24.59189047,23.7205918,22.38258877,22.54614094,25.54297383,25.41894807,23.03696914,24.28148148,23.90715667,25.62862669,32.94217447,25.7616751,25.76510594,,0,8.04886745,20.70825804,24.71936659,26.80094777
South Africa,ZAF,8.204987562,7.806487873,6.323090719,8.272936415,10.0049807,8.493937328,8.717924186,8.451823417,8.791909799,9.837327553,9.533680372,8.47458933,8.717091714,8.486840027,8.393761199,,7.155773863,6.186151753,7.315434659,8.490540555,8.721192528
Zambia,ZMB,3.180302642,3.474757648,3.777750521,4.055843062,4.266572638,5.371530886,6.186738277,12.41314943,22.3096287,18.21489942,17.68759571,23.7432597,7.64068564,8.563909774,14.95986715,,7.491039059,5.130957213,2.937539934,8.325117323,14.51906359
Zimbabwe,ZWE,20.32880629,19.90892993,24.42063584,16.41095579,15.15588023,16.85513121,15.97692501,16.02050204,12.68196721,16.924976,19.53837276,17.50217014,19.20026078,17.78474399,16.43726312,,6.013279278,9.064597636,12.0216658,17.46847096,18.09256216
