Country Name,Country Code,_2000,_2001,_2002,_2003,_2004,_2005,_2006,_2007,_2008,_2009,_2010,_2011,_2012,_2013,_2014,_2015,60s,70s,80s,90s,2010s,till 2015
Aruba,ABW,,,,,,,,,,,,,,,,,,,,,,
Africa Eastern and Southern,AFE,2.016792307,1.780885358,1.600265432,1.68171433,2.028459269,2.082271785,2.24949947,2.560340971,2.71593411,2.812554055,1.94191782,2.256480517,2.80379593,3.122914998,3.193329335,3.330766475,,1.761780735,0.960874707,1.16975393,2.152871709,2.941457451
Afghanistan,AFG,,,,,,,,,,,,,,,,,,,,,,
Africa Western and Central,AFW,5.282660101,5.541950145,4.619329311,4.975357303,4.955772234,5.928582643,6.384206777,8.109123459,7.787557607,8.308141563,7.13225857,6.632931353,6.946643484,6.893667905,7.425638717,7.820248213,,17.03695399,15.81171312,10.77806863,6.189268114,7.143825934
Angola,AGO,36.88581315,37.91208791,35.2407932,37.79448622,21.59498208,20.35175879,19.38898972,22.3811004,24.59095284,34.65681098,32.04257662,29.09219607,39.2005158,41.97906524,46.82489451,46.82507169,,20.81202493,13.93527001,14.7560954,29.07977753,40.78434866
Albania,ALB,3.850983675,4.691689008,6.046013911,2.143429487,2.497324295,1.286055484,1.683562636,2.517482517,0,0.019223376,0.013213531,1.407778573,0,0,0,0,,29.66197572,22.60481607,5.727520846,2.473576439,0.281555715
Andorra,AND,,,,,,,,,,,,,,,,,,,,,,
Arab World,ARB,34.40706883,31.88945281,33.08126311,32.49715141,31.52360777,27.40801263,26.4267611,26.87909331,27.07668361,24.25927091,22.76981013,22.89048884,24.09400139,22.73290792,23.08517154,20.4380752,,42.34344887,46.05890517,33.54239345,29.54483655,22.64812898
United Arab Emirates,ARE,3.089325055,2.798109886,2.763786922,2.744186047,2.335120285,2.135160961,2.032410736,1.863190813,1.705309529,1.588773696,1.478593648,1.400082714,1.3791423,1.309521568,1.264073871,1.242089726,,1.23873596,3.715234928,3.617852889,2.305537393,1.318982036
Argentina,ARG,3.242604881,1.114131943,0.898724734,1.098554819,4.032346628,5.446910163,7.519486474,10.21272634,11.81704549,11.70941363,13.30241173,15.12176296,14.78909067,14.26825235,13.84010656,15.42319446,,53.53704046,20.57269262,8.180600515,5.70919451,14.6884814
Armenia,ARM,0,0,0,0,0,0,0,0,0,0,0,0,0,0,0,0,,,,19.75125959,0,0
American Samoa,ASM,,,,,,,,,,,,,,,,,,,,,,
Antigua and Barbuda,ATG,,,,,,,,,,,,,,,,,,,,,,
Australia,AUS,0.850074334,0.911421756,1.075741716,0.752994297,0.608641927,1.244159109,1.313985915,1.190637874,1.669457324,1.450250912,2.413606121,2.28784555,1.509310735,2.567892926,2.019221474,2.695064136,4.169871426,5.270313845,3.982462434,1.496769988,1.106736516,2.215866964
Austria,AUT,2.842636203,2.977057985,2.385266695,3.203263508,2.937947956,2.544698932,2.634620942,2.040460135,1.927815401,1.713010435,1.875349604,1.628340185,1.081356426,1.076684741,0.978641911,1.394038502,8.842924596,12.15607245,6.233279969,4.370250071,2.520677819,1.231812353
Azerbaijan,AZE,71.95037168,33.75329468,30.9716058,35.69482289,28.26986755,25.67331235,24.8950821,18.2725317,7.951762695,2.634089464,0.122928915,1.665516902,2.188098138,0.077074591,0.15771595,6.509235256,,,,61.95318177,28.00667409,2.119528167
Burundi,BDI,,,,,,,,,,,,,,,,,,,,,,
Belgium,BEL,0.962874367,2.116563637,1.200904385,1.205107646,1.986888433,2.030125191,1.632522407,0.928845627,0.485744709,0.311783177,0.432683597,0.325791449,0.40798324,0.191081252,0.303488014,0.300511877,26.50660853,43.69804008,12.92369908,2.068245437,1.286135958,0.305771166
Benin,BEN,97.61904762,96.96969697,96.82539683,97.5,98.7654321,99.06542056,97.4025974,98.63636364,98.68995633,99.21875,99.13043478,100,100,100,100,94.44444444,,100,100,99.13007461,98.06926614,98.88888889
Burkina Faso,BFA,,,,,,,,,,,,,,,,,,,,,,
Bangladesh,BGD,6.467567053,6.738730451,6.73988749,6.742086039,5.8623344,5.770030627,5.553486167,5.299145299,4.196621661,4.325254862,3.623437117,9.491993749,12.33680656,12.59789157,14.69961501,16.37999695,,35.99777064,19.6717959,6.640561986,5.769514405,13.10126077
Bulgaria,BGR,1.626236284,1.329994946,1.96827053,1.864014364,1.984261092,1.378149732,0.832930421,1.322868389,0.621299121,0.773931715,0.854032205,0.273874018,0.47231585,0.524739372,0.449634539,0.373394608,,16.64308959,15.64372556,3.159536091,1.370195659,0.418791677
Bahrain,BHR,0,0,0,0,0,0,2.44273358,1.164449763,0.021906765,0,0,0,0,0.027010341,0.025685246,0.031596686,,0,0,0,0.362909011,0.016858455
"Bahamas, The",BHS,,,,,,,,,,,,,,,,,,,,,,
Bosnia and Herzegovina,BIH,0.460255058,0.864824215,1.261010663,1.216048287,1.037083595,1.118870021,1.194680292,1.323828921,0,0.210620373,0.280308339,0.248691099,0.198835393,0.240673887,0.272277228,0.313519739,,,,1.078385454,0.868722142,0.254799469
Belarus,BLR,6.566798207,5.809360412,5.121711521,4.078566868,4.854213393,3.036077646,4.894533338,0.779163656,2.873202465,17.88253885,2.375698524,1.223602484,2.561771486,0.568127718,1.091118468,1.06214424,,,,26.91525625,5.589616635,1.301352879
Belize,BLZ,,,,,,,,,,,,,,,,,,,,,,
Bermuda,BMU,,,,,,,,,,,,,,,,,,,,,,
Bolivia,BOL,0.773195876,1.180904523,1.218929254,1.315789474,1.260225514,1.307189542,1.660377358,1.76142309,1.684717208,1.69906878,1.933008706,1.592797784,2.023234565,1.835089895,1.998857796,2.251407129,,11.04290908,10.45700039,2.980817979,1.386182062,1.940277434
Brazil,BRA,4.34753948,4.815103437,3.887800828,2.95192115,3.130186113,2.897529483,2.950848601,2.995190353,3.790812129,3.140600831,3.114911439,2.78247395,3.545267668,4.650706711,5.997280966,5.044253265,,6.154592961,3.127356713,2.936382413,3.490753241,4.403996512
Barbados,BRB,,,,,,,,,,,,,,,,,,,,,,
Brunei Darussalam,BRN,0.904443571,0.930593253,0.925583117,0.783453463,0.888480392,0.888480392,0.939963614,0.972017673,0.964066608,1.024363234,1.002109705,0.993288591,0.941475827,0.908677874,0.954283178,1,,1.422222222,0.754245441,0.857175789,0.922144532,0.959545094
Bhutan,BTN,,,,,,,,,,,,,,,,,,,,,,
Botswana,BWA,2.368421053,2.125775022,2.530541012,2.783109405,5.23613963,0.570342205,0.610376399,0.724637681,0,0,0,8.577405858,28.57142857,17.55146262,4.280155642,3.606336367,,,12.50897392,3.59761716,1.694934241,12.51735781
Central African Republic,CAF,,,,,,,,,,,,,,,,,,,,,,
Canada,CAN,1.8297677,2.864457933,2.311206039,3.660807881,3.869370608,2.51545468,1.852433692,1.986761288,1.622970693,1.733795898,1.295010731,1.03721072,1.088194317,1.167088817,1.24248521,1.214777708,2.340618544,3.62822554,2.349333185,2.233567584,2.424702641,1.149951354
Central Europe and the Baltics,CEB,3.184183733,3.811748267,2.932410302,2.924255267,2.132022387,1.911777659,1.822052206,1.781109672,1.574073294,1.835198229,1.389539688,1.108651637,1.011776129,0.804273362,0.678204181,0.854239359,,8.851265368,6.498589973,5.260001309,2.390883101,0.891428934
Switzerland,CHE,0.343294417,0.346196065,0.345222638,0.374617737,0.316292179,0.370312689,0.321874598,0.263399509,0.186466973,0.154485324,0.102949192,0.082686681,0.074845905,0.0669383,0.059912699,0.068081759,2.346959906,6.113436039,0.594493194,0.710173313,0.302216213,0.070493069
Channel Islands,CHI,,,,,,,,,,,,,,,,,,,,,,
Chile,CHL,4.254204302,2.99781336,3.388976666,4.029554336,5.536244337,6.462922033,4.909616775,25.26961664,26.94961812,20.00757551,14.01528941,9.670841386,8.808475864,7.460480394,6.578542883,4.186398185,,18.96941833,8.616710005,6.483600276,10.38061421,7.340947743
China,CHN,3.486514356,3.276075003,3.065234161,2.869284654,2.974083981,2.020143445,1.323014954,0.856057213,0.542486196,0.326347266,0.353949915,0.257818456,0.21940999,0.184178729,0.167974379,0.165618383,,19.89053262,17.26088785,5.872716689,2.073924123,0.198999988
Cote d'Ivoire,CIV,0.270833333,0.266120778,0.245561012,0.11794771,0.145190563,0.123217743,0.282935455,0.31965903,0.155172414,0.204394481,1.424979044,0.541072307,6.100342075,2.666666667,6.130823075,5.223280909,,72.1881254,35.21275293,27.78871184,0.213103252,4.132437007
Cameroon,CMR,1.091954023,1.89212087,3.575757576,4.234527687,4.622871046,5.794205794,11.18292205,15.98321572,15.34941032,22.18571676,19.71520597,18.51038676,18.45502646,18.47549909,18.48179454,17.88990826,,4.762790318,3.141751686,1.279682349,8.591270184,18.36252302
"Congo, Dem. Rep.",COD,0.050150451,0.083864475,0.131147541,0.113876688,0.113234253,0.094928126,0.079543948,0.088809947,0.22519539,0.076394194,0.075901328,0.101278643,0.118234367,0.108985226,0.045248869,0.134198166,,2.546624319,2.937842549,0.363435386,0.105714501,0.101589054
"Congo, Rep.",COG,0.337837838,0,0,0,0,0,0,0,0,4.26716141,1.530612245,0.696055684,0,0,0,0,,42.17307742,8.731460483,1.942807578,0.460499925,0.139211137
Colombia,COL,0.234202899,0.2324939,0.208694108,0.25353989,0.229288602,0.226473568,0.219473635,0.273431841,0.269941721,0.56343943,0.844776521,0.237685436,0.550226186,0.453511475,0.514897805,0.567976006,,5.835384981,1.224343916,0.915789493,0.271097959,0.464859381
Comoros,COM,,,,,,,,,,,,,,,,,,,,,,
Cabo Verde,CPV,,,,,,,,,,,,,,,,,,,,,,
Costa Rica,CRI,0.852724382,1.482579689,1.621262458,2.106534281,0.803408399,3.280871671,6.128550075,7.977900552,7.145872915,4.844253491,6.688928311,8.777461351,8.158049931,11.68539326,10.20847607,0.998890122,,15.93004025,2.832264142,8.458267184,3.624395791,7.965654146
Caribbean small states,CSS,,,,,,,,,,,,,,,,,,,,,,
Cuba,CUB,57.06492815,56.71612524,33.87476909,29.07653384,29.41665601,36.84004693,45.33972919,40.93281888,44.1314554,38.60381189,39.52980399,44.47072072,45.08356848,48.34378265,45.9361768,45.96805994,,85.10138035,90.00196394,74.58247958,41.19968746,45.96046172
Curacao,CUW,,,,,,,,,,,,,,,,,,100,100,,,
Cayman Islands,CYM,,,,,,,,,,,,,,,,,,,,,,
Cyprus,CYP,100,100,100,100,100,99.9771533,99.97850387,99.938411,99.70466627,99.40556088,98.62833521,96.38871982,94.55162179,92.37762238,92.71264368,91.21994264,,100,100,100,99.90042953,93.45011006
Czech Republic,CZE,0.510211079,0.519977369,0.505296401,0.444358578,0.415324024,0.39789579,0.308413226,0.131033225,0.157272345,0.191101529,0.23326144,0.200516272,0.130354032,0.091851921,0.123390054,0.113779413,,12.8541905,7.174745686,0.884119778,0.358088357,0.131978338
Germany,DEU,0.836080956,0.817685938,0.742670383,1.711886787,1.76319945,1.948197467,1.731380743,1.5792306,1.525584035,1.706200018,1.395026676,1.179458128,1.222828265,1.137223613,0.909897771,0.968692616,8.405927771,9.403083774,2.95760155,1.732542456,1.436211638,1.083620079
Djibouti,DJI,,,,,,,,,,,,,,,,,,,,,,
Dominica,DMA,,,,,,,,,,,,,,,,,,,,,,
Denmark,DNK,1.93603861,2.31917093,3.683152188,4.620447755,4.045899693,3.793522044,3.549582338,3.276019941,3.061503168,3.215787593,1.991662807,1.285872435,1.312660825,1.010275451,0.981854338,1.081286489,37.97580242,61.56048023,7.307491446,3.734465662,3.350112426,1.134389908
Dominican Republic,DOM,90.85221637,91.07240491,86.90799828,71.43949399,67.93370712,65.6575424,63.51706037,60.32496504,61.65428496,58.74503123,54.7867047,54.6142866,50.06390148,49.52961009,50.04529498,53.48106409,,71.10374394,64.88448947,82.74554446,71.81047047,51.54683145
Algeria,DZA,3.041869983,2.910798122,2.159288194,2.323222076,2.1984,2.114108801,2.129109181,2.134638133,1.96838652,1.576582426,2.107840994,2.084960175,1.845044166,1.506094507,0.993119766,1.319805808,,23.79791284,10.16179126,3.792874468,2.255640344,1.549804884
East Asia & Pacific (excluding high income),EAP,5.52002361,4.935569893,4.787495119,4.285877719,4.629503281,3.700705129,2.837810461,2.135641195,1.82594804,1.404232895,1.357500932,1.347969561,0.970321566,0.806459382,0.743993604,0.597066433,,25.4881756,21.12979435,9.979094373,3.606280734,0.893162109
Early-demographic dividend,EAR,16.44470399,15.63199768,14.79393041,13.73938871,13.16467081,13.0116975,12.75290928,12.80904391,13.12089271,12.04112582,11.10647221,11.52723556,11.80715763,11.27811033,10.05039686,9.051554513,,25.67783659,22.69385606,16.54712368,13.75103608,10.74289098
East Asia & Pacific,EAS,9.179750966,8.130651202,7.857120259,7.34078072,6.748384303,5.962871836,4.869650027,4.423713066,3.758646995,2.796657516,2.651802838,2.981870121,2.881449641,2.315119466,1.940594455,1.680770787,,47.82009693,27.008253,13.66096706,6.106822689,2.359960894
Europe & Central Asia (excluding high income),ECA,4.605126352,3.864093063,3.688032206,3.443684804,2.880092176,2.524410487,2.552260094,2.006631043,1.797079307,1.839907527,0.848999894,1.678112366,1.752986199,0.654091733,0.798538365,0.882585207,,,,8.370538431,2.920131706,1.153262774
Europe & Central Asia,ECS,5.215944912,4.767838647,4.951028273,4.533249132,3.797358936,3.558563682,3.409643342,2.783168134,2.590133773,2.522901665,1.884262903,1.941226862,1.961201672,1.344819646,1.353575985,1.448981334,,12.93662776,6.508042057,7.957397363,3.812983049,1.6099611
Ecuador,ECU,28.29815303,36.00904977,33.55484522,29.6812749,32.81031536,33.53846154,36.09946714,31.18739311,29.51586332,38.49426463,43.27746168,35.01752336,34.90173765,38.13249645,37.48302958,34.52961672,,66.41643867,41.18193358,29.89739586,32.9189088,36.01288075
"Egypt, Arab Rep.",EGY,28.55406114,15.58920295,18.13207759,14.39332654,13.05738457,13.55046462,13.91596697,12.45994134,15.23962149,15.5647482,13.47584403,10.97988641,15.16084749,17.62332639,19.46704789,21.01199602,,36.56684901,37.11661252,23.01360649,16.04567954,16.84862084
Euro area,EMU,7.370175619,6.869681679,7.499323083,6.613493668,5.651954609,5.475435868,5.057011513,4.206942993,3.917457089,3.718930298,3.138593406,2.809452318,2.882304839,2.415577252,2.362455386,2.42886527,14.37578768,24.4204759,12.4280761,9.683999632,5.638040642,2.579731013
Eritrea,ERI,99.52380952,99.57081545,99.61389961,99.63898917,99.64664311,99.65277778,99.25650558,99.30555556,99.30313589,99.3220339,99.35691318,99.40652819,99.44289694,99.45945946,99.48453608,99.50738916,,,,99.81907501,99.48341656,99.46016197
Spain,ESP,10.21994288,10.56863477,11.9178716,9.327939125,8.616962827,8.436836014,8.061722297,6.131745732,5.788833937,6.592683704,5.551756503,5.039566704,5.212252757,4.890120627,5.13586156,6.20644223,13.63556131,30.56201179,15.20412196,7.930899288,8.566317288,5.296848776
Estonia,EST,0.657817456,0.471531298,0.316641257,0.393739541,0.407608696,0.313571779,0.308261406,0.278917145,0.349683395,0.512586855,0.316260413,0.33351431,0.484666165,0.994350282,0.345492528,1.22876068,,,,4.060911963,0.401035883,0.677356793
Ethiopia,ETH,1.3739546,0.944333996,1.02739726,0.696864111,0.708940528,0.421792619,0.305903946,4.567239921,12.3643103,11.12224449,0.62248996,0.583964646,0.158061117,0.091932889,0.031529164,0.038325189,,38.6496418,23.92579152,6.408428339,3.353298177,0.180762601
European Union,EUU,6.42528066,6.114091293,6.569609804,5.942404003,4.952474413,4.738551594,4.413755046,3.696098215,3.418465613,3.298054777,2.776753635,2.429582726,2.461128124,2.055412814,1.987574561,2.055826253,12.05411672,22.02637014,10.95541439,8.462698894,4.956878542,2.197904896
Fragile and conflict affected situations,FCS,32.27985022,29.64756891,30.72541056,31.29740799,30.30892943,24.10745596,22.3218106,22.84458427,23.64144042,22.05236922,22.70443798,21.34048068,21.62748133,20.86181248,20.00606818,19.59345431,,16.75461306,28.90007853,30.93442866,26.92268276,20.6858594
Finland,FIN,0.838859037,0.891442687,1.191381496,1.14911178,0.716407479,0.708395908,0.58436194,0.577266293,0.843320591,0.742344142,0.59994546,0.565978694,0.443112582,0.32838879,0.346579728,0.309051416,12.05318358,21.66503806,3.984749559,2.143701031,0.824289135,0.398622242
Fiji,FJI,,,,,,,,,,,,,,,,,,,,,,
France,FRA,1.338791892,1.092637625,1.04167043,1.263748789,1.147860948,1.387405683,1.252651765,1.093191808,0.940221729,0.890207156,0.978760733,0.615232532,1.109426644,0.448031202,0.376055078,0.38261277,9.204485932,29.68064345,5.727961532,1.855859754,1.144838783,0.586271645
Faroe Islands,FRO,,,,,,,,,,,,,,,,,,,,,,
"Micronesia, Fed. Sts.",FSM,,,,,,,,,,,,,,,,,,,,,,
Gabon,GAB,20.53231939,14.78322672,14.97975709,18.25293351,20.71428571,27.19186785,22.94294294,33.85236448,23.27113063,13.26419214,10.64599483,11.51396374,13.7245841,14.74236641,12.56256256,10.20696143,,60.00686471,25.69283616,12.76796331,20.97850205,12.55008765
United Kingdom,GBR,2.256026711,1.373545903,1.247806134,1.161673376,1.186879917,1.350189416,1.569275348,1.284827634,1.743367201,1.606932729,1.307077294,0.829364676,0.69474345,0.581197447,0.565475569,0.634149532,15.17955787,21.64641084,12.66642063,5.831387576,1.478052437,0.660986135
Georgia,GEO,3.690732759,0.360386334,0.413393964,0.418994413,0.606585789,0.908215219,0.329353643,0.288046087,0.141961434,0.455713952,0.316080601,0.068667844,0,0,0,0,,,,10.97891534,0.76133836,0.013733569
Ghana,GHA,0,0,0,0,0,0,0,0,0,0,0,0,0,0,0,0,,1.08178322,0.642876159,0.165587018,0,0
Gibraltar,GIB,100,100,100,100,100,100,100,100,100,100,100,100,100,100,100,100,,100,100,100,100,100
Guinea,GIN,,,,,,,,,,,,,,,,,,,,,,
"Gambia, The",GMB,,,,,,,,,,,,,,,,,,,,,,
Guinea-Bissau,GNB,,,,,,,,,,,,,,,,,,,,,,
Equatorial Guinea,GNQ,,,,,,,,,,,,,,,,,,,,,,
Greece,GRC,16.63079083,15.97143718,16.00333673,15.03669804,14.25705201,15.49295775,15.95407036,15.37529301,15.8793235,12.56915573,10.61411613,9.996282025,10.00477201,9.47928704,11.01245456,10.92779129,34.1091658,38.79052388,26.759649,20.41565591,15.31701151,10.28411739
Grenada,GRD,,,,,,,,,,,,,,,,,,,,,,
Greenland,GRL,,,,,,,,,,,,,,,,,,,,,,
Guatemala,GTM,39.36838624,43.45227932,42.46486836,37.08056067,28.38382525,26.6492732,31.19030125,39.4814984,31.52099105,42.78766442,22.99561453,22.60102385,19.9638759,17.04637097,14.13793103,18.24923133,,71.06499713,44.39244326,30.77165379,36.23796482,18.39968662
Guam,GUM,,,,,,,,,,,,,,,,,,,,,,
Guyana,GUY,,,,,,,,,,,,,,,,,,,,,,
High income,HIC,6.153620234,6.137632295,5.901746586,6.200241595,5.609325842,5.427159505,4.587779417,4.612159375,4.187730292,3.680626595,3.325240547,3.500035316,3.813467585,3.279671146,3.143104179,2.984012096,10.27337699,22.20180327,11.4868119,7.507883645,5.249802174,3.344058064
"Hong Kong SAR, China",HKG,0.488334238,0.477923039,0.504167395,0.566053677,0.638263492,0.392707602,0.378071834,0.287533374,0.36058325,0.351130848,0.278740199,0.294057482,2.134177737,0.403493539,0.578816808,0.491717065,,100,40.17605419,2.446303897,0.444476875,0.780452526
Honduras,HND,38.08871851,50.74665294,60.03409644,60.82451499,70.03297609,67.05336427,63.07178631,62.39936859,62.00946709,55.24528302,52.19123506,51.90121521,49.49612403,52.09313847,55.66061209,56.68711656,,25.57239051,12.0887351,23.09163001,58.95062283,53.16764127
Heavily indebted poor countries (HIPC),HPC,9.436523508,10.0284984,10.40241136,11.56033192,12.99741958,12.57181181,12.75061376,13.48191509,13.72393378,12.39120187,9.733475833,10.50892576,11.06360366,10.27883312,10.52082223,11.54503821,,11.5007369,8.461727574,9.239202726,11.93446611,10.7834446
Croatia,HRV,14.97824736,16.70190275,17.45769382,24.7801698,11.98819889,14.20693881,15.17449509,18.45356716,15.53086613,15.05609574,3.784806705,6.688011384,5.494194279,1.649100165,0.960107175,1.966542089,,,,25.58575316,16.43281755,3.351591018
Haiti,HTI,48.26325411,52.35690236,52.46800731,52.3364486,52.46800731,52.3381295,52.45614035,67.09401709,62.75720165,71.28987517,69.84667802,87.16861082,79.90909091,86.63507109,91.2875121,92.00385356,,19.57955382,34.33885042,37.86465571,56.38279835,87.4008277
Hungary,HUN,12.51456338,11.51173967,5.910335481,4.762044223,2.29322416,1.272513704,1.452912797,1.338838839,0.886945659,1.762838365,1.311177116,0.399789,0.534141764,0.257476728,0.258573762,0.253773647,14.65607185,21.50914223,11.9441935,13.53607497,4.370595628,0.34075098
IBRD only,IBD,8.497464364,7.82544495,7.422197132,6.727174369,6.51659184,5.606884423,4.973630962,4.543584853,4.438573726,4.09571853,3.787702918,3.999490522,3.947398428,3.702796587,3.382166348,2.972804566,,11.34252448,10.43352496,10.81383681,6.064726515,3.60093129
IDA & IBRD total,IBT,9.057643119,8.371318231,7.920330811,7.039972044,6.872306175,6.09087816,5.592802249,5.226107937,5.151262244,4.79703264,4.324728147,4.501904836,4.435750976,4.173639559,3.830584036,3.45187694,,11.10344872,10.29821426,11.03698611,6.611965361,4.078751269
IDA total,IDA,18.85519644,17.74372921,16.46670653,12.76330085,13.33339387,14.92627304,17.22749635,18.94874179,20.10954617,19.46198107,15.92425836,15.88780111,15.82749252,15.39926876,14.54516333,14.87469451,,7.489099983,8.301693599,15.05728382,16.98363653,15.30688404
IDA blend,IDB,22.59811438,20.55943509,17.80595459,10.28677016,10.21256235,12.46555938,16.80486848,18.31503125,19.67086612,21.62164152,18.51858839,18.36267195,18.18037385,19.93028689,18.64782519,18.61262472,,3.429581585,5.99659447,16.72390187,17.03408033,18.74675652
Indonesia,IDN,19.65389767,19.38392557,23.34291285,24.95264397,29.9368358,30.81573603,29.06772274,26.46411211,28.69091786,22.53817597,20.11722777,22.99568742,14.95725641,12.38403851,11.476417,8.39801012,,63.06157055,66.71585518,29.95018588,25.48468806,14.04228189
IDA only,IDX,15.29052636,15.02835405,15.09443502,14.98495614,16.06220848,16.92581519,17.34836974,19.10562947,20.01129991,17.39570102,13.6339518,13.70338506,13.73779783,11.67380107,11.16005039,11.722858,,10.87423394,10.49994286,13.3989126,16.72472954,12.39957847
Isle of Man,IMN,,,,,,,,,,,,,,,,,,,,,,
India,IND,5.119117833,4.554967858,4.574759788,4.776311119,4.132949118,3.544440346,3.071012065,2.997706308,3.0121824,2.649073042,2.490565807,2.245155118,2.037845188,1.956334092,1.767435892,1.659503516,,6.351079957,5.981411102,4.270944955,3.843251988,1.933254761
Not classified,INX,,,,,,,,,,,,,,,,,,,,,,
Ireland,IRL,19.59194019,21.12292952,15.01026446,9.870882105,12.73448344,13.03363771,10.45139401,6.891227062,5.714190183,3.283496674,2.14011925,0.861434251,0.869533179,0.739002933,1.003564786,1.448450123,38.48613959,65.21443721,27.373008,17.19331602,11.77044454,0.984397054
"Iran, Islamic Rep.",IRN,20.8949567,21.266871,18.56202941,14.50369773,16.19657556,15.7663627,19.87679181,19.87685429,19.37444646,20.41740073,19.76141725,27.76231816,27.27272727,32.52855956,21.66462133,14.42560212,,54.681135,51.50833135,30.20354587,18.67359864,24.73076569
Iraq,IRQ,79.32288401,81.82381942,85.23166878,88.01340861,92.59018424,28.42105263,14.59953286,16.87877967,14.07503795,8.328269083,34.64463891,37.79938037,43.3091399,40.72780802,35.57283674,25.73198688,,32.71802855,81.57908966,78.25914965,50.92846373,36.62823038
Iceland,ISL,0.065070276,0.049794597,0.071292776,0.070588235,0.046387568,0.057563896,0.040281974,0.016698672,0.012145503,0.011880718,0.011724017,0.011620475,0.017094991,0.027599912,0.016553551,0.021277728,4.756835071,2.747329937,0.375599857,0.113022174,0.044170422,0.018829331
Israel,ISR,31.09397342,24.74573957,22.44615385,22.86941179,13.29977368,13.69079462,11.10210056,10.77669542,10.50840321,4.048502036,3.660971822,7.304076811,20.94027269,3.661002577,0.491671189,0.65238377,,99.84996457,64.31821433,37.43068834,16.45815482,6.609881406
Italy,ITA,31.81361853,27.58722149,31.62302005,26.5430805,19.50658773,15.86780757,14.90228833,11.48101044,10.03294772,9.024225293,7.267724995,6.614046992,6.353894073,5.377393551,5.092479397,4.753482359,29.10549283,56.60836503,47.97509579,47.40421177,19.83818077,5.638259274
Jamaica,JAM,95.15591886,96.54447115,97.75021633,97.48110831,96.71608702,96.3082727,96.05245551,95.03002001,93.86068477,92.63301501,92.31481481,91.27347687,89.07584129,90.15777611,90.20368574,89.73799127,,81.15202477,83.45935827,94.37397618,95.75322497,90.08975425
Jordan,JOR,89.36949153,89.13763412,90.88785047,90.0425319,49.18032787,44.44789724,29.26258993,17.02176756,15.71036277,8.527186099,28.334574,72.5267973,81.00144613,74.49458379,92.52469813,50.58903965,,100,98.98455261,87.86262362,52.35876395,74.227313
Japan,JPN,13.22755796,12.00941461,13.21931039,14.1133971,12.60471268,12.56520257,10.68381248,11.61241379,10.75939193,7.612819166,6.868561765,10.62106697,12.7065052,10.20333816,8.53586006,7.51942013,31.35923359,63.03274809,34.26810221,17.76458791,11.84080327,9.917238103
Kazakhstan,KAZ,5.149637596,4.191216561,5.232936821,4.02874769,1.743222048,3.62580512,3.526522182,3.3943445,3.311464389,1.114216745,0.750187547,0.627122168,0.791880798,0.583008362,0.974606921,1.163729947,,,,7.897656334,3.531811365,0.828069639
Kenya,KEN,53.0204693,33.40717767,21.9832222,16.38588047,25.01396908,28.33763997,29.65912711,28.39944436,36.86930091,44.70848708,30.93048418,33.12701483,25.22346027,30.71203245,18.51371787,12.48575277,,32.73400271,11.61994458,11.33138177,31.77847181,24.01239564
Kyrgyz Republic,KGZ,0,0,0,0,0,0.98717346,0.874474971,0.76871207,0.916108236,3.609131102,1.710743802,1.52394775,1.186708861,0.72086218,0.576447982,0.291634689,,,,0,0.715559984,0.859920292
Cambodia,KHM,99.77678571,99.80353635,95.87912088,93.57798165,94.84662577,93.87966805,94.23240034,95.44235925,95.61403509,92.41706161,91.4,89.71698113,59.76290098,32.56467942,10.67929458,5.18535365,,,,100,95.54695747,39.58184195
Kiribati,KIR,,,,,,,,,,,,,,,,,,,,,,
St. Kitts and Nevis,KNA,,,,,,,,,,,,,,,,,,,,,,
"Korea, Rep.",KOR,11.98540166,11.54245529,9.582358007,9.214402476,7.550216578,6.263374189,5.634772665,5.91258614,3.457930873,4.386108627,3.812022113,3.197943287,3.98692872,3.981847623,3.186679515,2.279207467,,83.78320808,44.77808835,19.45812414,7.55296065,3.326521322
Kuwait,KWT,67.060607,69.29064987,78.01001045,75.38063414,72.30221059,74.9073947,68.59075346,68.1045269,64.3297455,71.16092904,65.37025022,61.98200393,63.77783098,60.87370044,66.25115137,63.58108307,,23.47805109,63.34646946,54.11254628,70.91374617,63.29315396
Latin America & Caribbean (excluding high income),LAC,18.14585823,18.12739038,15.30881252,13.50232753,13.14009522,12.82182827,11.81966399,11.37046011,11.29550414,10.73291478,10.19787794,10.36004356,10.9066182,10.78009416,10.03571878,9.753281471,,29.043627,22.72167865,18.25077633,13.62648552,10.36715123
Lao PDR,LAO,,,,,,,,,,,,,,,,,,,,,,
Lebanon,LBN,95.35917313,96.69675627,94.17125172,89.16792498,90.92970522,91.52281384,93.97590361,95.1391774,97.19780633,94.08176603,88.37830957,95.08096548,93.20787805,92.74318065,98.92491087,97.39617308,,58.8117407,81.32911354,85.06967356,93.82422785,95.47062163
Liberia,LBR,,,,,,,,,,,,,,,,,,,,,,
Libya,LBY,78.0588539,77.9529514,78.87171297,79.64419575,80.73376399,72.05363444,60.40639897,55.99984753,59.01067467,60.80071116,52.87179802,40.19000731,39.52443472,41.61633213,46.2987994,46.29968446,,100,100,88.74378989,70.35327448,42.7858516
St. Lucia,LCA,,,,,,,,,,,,,,,,,,,,,,
Latin America & Caribbean,LCN,16.37197849,16.40962427,14.33310143,13.1093618,12.56602827,12.36973158,11.54322026,11.91919479,12.16093655,11.41073112,10.76606907,10.72238963,11.26463611,10.90420725,10.11141702,9.912203792,,27.6380826,21.8122568,16.15892152,13.21939086,10.58297076
Least developed countries: UN classification,LDC,13.3908146,13.10477537,12.28323795,13.14730014,13.09397659,12.9429891,13.32028181,13.94699987,14.29386848,13.16127009,9.881002391,11.24654888,13.05080521,13.0822966,13.01152663,13.01984259,,14.34205921,11.87650335,12.49044353,13.2685514,12.68220398
Low income,LIC,,,,,,,,,,,,,,,,,,,,,,
Liechtenstein,LIE,,,,,,,,,,,,,,,,,,,,,,
Sri Lanka,LKA,54.19760137,53.98908716,61.81741216,57.10212545,63.86156648,62.77348777,51,59.93334007,58.46076962,60.70498698,46.88454773,50.24875622,58.96143181,27.90484904,35.10151673,17.81975421,,8.758791419,13.12946457,16.94917216,58.38403771,38.0072616
Lower middle income,LMC,12.1043486,11.04635067,10.82201024,9.394154292,9.650005199,9.598304634,9.907873008,9.87330741,10.26532908,9.949959442,9.11838856,9.627005172,9.134993498,9.551943595,8.362045776,7.405722975,,13.42321797,12.86335518,13.05053923,10.26116426,8.816342203
Low & middle income,LMY,9.415419101,8.606654692,8.046668413,7.042547454,6.940128376,6.117363182,5.615188687,5.110202526,4.997630486,4.651765032,4.217272347,4.436411755,4.357991618,4.13538633,3.800599152,3.409784333,,12.12879943,10.93944288,11.57598857,6.654356795,4.028034637
Lesotho,LSO,,,,,,,,,,,,,,,,,,,,,,
Late-demographic dividend,LTE,5.652770066,5.129693136,4.960879623,4.478730412,4.368031391,3.774002073,3.267140307,2.819916333,2.545119648,2.267043303,1.964581629,2.065903131,2.022560388,1.628510487,1.730512244,1.570910128,,7.947295537,6.780357582,8.319826918,3.926332629,1.803679276
Lithuania,LTU,5.575038216,4.532794875,2.71192321,1.57212662,1.237201365,1.283385362,1.680881013,2.100965108,4.217003076,5.019463225,12.95554666,4.922279793,5.299183043,4.888467015,4.314994606,6.458431188,,,,12.14667256,2.993078207,5.176671129
Luxembourg,LUX,0,0,0,0.035855145,0.029568303,0.029868578,0.028336639,0.031240237,0.036683786,0.031725888,0.030959752,0.037735849,0.036271309,0,0,0,11.10267261,22.92111094,8.713961206,2.999128684,0.022327858,0.014801432
Latvia,LVA,2.587040619,2.219626168,3.496855346,2.062893082,1.279590531,0.122299225,0.102228583,0.35631943,0.037921881,0.071826181,0.030179568,0.016409583,0.01621534,0.032211306,0,0.018073378,,,,9.348267822,1.233660105,0.016581921
"Macao SAR, China",MAC,,,,,,,,,,,,,,,,,,,,,,
St. Martin (French part),MAF,,,,,,,,,,,,,,,,,,,,,,
Morocco,MAR,25.63943093,15.48584341,17.55169019,19.10966341,18.37334086,17.47537584,16.45690697,17.20359853,23.36575875,20.18917002,24.14667117,26.30568664,25.31187123,20.95657192,13.10443192,7.173913043,,32.5366897,65.77339528,53.01328708,19.08507789,18.57049495
Monaco,MCO,,,,,,,,,,,,,,,,,,,,,,
Moldova,MDA,0.570816982,0.550826239,0.379768686,0.284709429,0.205973223,0.166944908,0.196979645,0.084659668,0.215875125,0.774443369,0.474398822,0.345661943,0.275766977,0.356268092,0.26163334,0.147758989,,,,11.43332541,0.343099728,0.277417868
Madagascar,MDG,,,,,,,,,,,,,,,,,,,,,,
Maldives,MDV,,,,,,,,,,,,,,,,,,,,,,
Middle East & North Africa,MEA,31.75100498,29.4981917,29.64372835,28.29806241,27.29814248,24.27233226,24.21730953,24.51050472,24.54360223,22.49183079,21.45044657,23.29274517,24.73852945,24.02976837,22.01900536,18.51985884,,53.76683771,48.78715469,33.36905185,26.65247094,22.51998144
Mexico,MEX,45.50820469,42.00235527,34.38486672,30.34836612,28.88843057,27.30372296,21.79696046,20.25128924,18.82145443,17.49852477,16.18185579,16.26650284,18.28641921,16.18492833,10.94740892,10.14887285,,47.54379289,58.57962837,48.36561603,28.68041752,14.36682643
Marshall Islands,MHL,,,,,,,,,,,,,,,,,,,,,,
Middle income,MIC,9.247638582,8.435062383,7.862614396,6.85574665,6.731933767,5.869138556,5.352778933,4.799436953,4.660655832,4.371411959,4.026226119,4.284203001,4.223267061,4.058085943,3.740846498,3.346706816,,12.3480978,11.00667744,11.50983656,6.418641801,3.930621864
North Macedonia,MKD,6.327998825,2.624960704,3.513380397,0.326506382,0.359982001,0.201670988,3.539823009,7.371498923,2.883853589,3.676039836,0.840220386,1.006065986,1.405301821,1.870692484,2.772608857,2.461919943,,,,1.009309034,3.082571465,1.903317818
Mali,MLI,,,,,,,,,,,,,,,,,,,,,,
Malta,MLT,100,100,100,100,100,100,100,100,100,100,99.95269631,99.54107389,98.86660854,98.4451355,96.65924276,92.32540292,,100,74.79984116,79.61171735,100,97.16749272
Myanmar,MMR,13.50136772,11.34570271,0.572217837,0.571428571,0.588340168,0.565159574,0.454250487,0.531333021,0.604047116,0.430786904,0.437491714,0.385083097,0.475214312,0.498081163,0.459136823,0.344395742,,26.26908707,19.36483642,8.398427247,2.916463411,0.432382227
Middle East & North Africa (excluding high income),MNA,35.35409874,31.63217252,31.68547179,27.80475291,28.16258256,23.25610759,23.2785337,23.31041711,24.10133823,23.16614966,23.25319524,25.79599674,26.50389667,28.59997617,24.81055992,20.28481705,,46.43588549,53.45686508,40.04077072,27.17516248,25.19904931
Montenegro,MNE,,,,,,0,0,0,0,0,0,0,0,0,0,0,,,,,0,0
Mongolia,MNG,2.987101154,3.248259861,2.827763496,3.154875717,3.390856797,3.041825095,3.216704289,4.05295866,3.99900025,3.763307749,4.15024345,5.202821869,5.253322259,5.358565737,4.501488095,4.171957192,,,7.366867712,5.666890242,3.368265307,4.897631031
Northern Mariana Islands,MNP,,,,,,,,,,,,,,,,,,,,,,
Mozambique,MOZ,0.433168317,0.353386622,0.267463814,0.311726414,0.33293495,0.10538201,0.081427699,0.018661359,0.006610696,0.005895184,0.00600024,0,0,0,0,0.763320444,,30.59138004,20.80660276,7.863206103,0.191665706,0.152664089
Mauritania,MRT,,,,,,,,,,,,,,,,,,,,,,
Mauritius,MUS,49.94375703,46.93877551,46.46153846,48.84726225,50.94688222,48.15140845,43.78723404,37.28194726,32.61634728,36.98098564,37.0026032,39.21640425,38.18376832,37.36149584,36.8062649,37.83783784,,64.42156773,62.13982606,67.64525689,44.19561381,37.88115423
Malawi,MWI,,,,,,,,,,,,,,,,,,,,,,
Malaysia,MYS,5.198180637,6.16453773,10.26276448,3.782385401,3.032181226,2.664715203,3.489925415,2.297058944,1.763785646,3.034404283,2.941035052,7.309998066,4.475335055,3.859108914,2.366599082,1.158383459,,81.82528018,67.74951438,24.97386497,4.168993897,3.833884915
North America,NAC,2.796515082,3.305832646,2.592992871,3.413822627,3.417188196,3.207891623,1.840142716,1.829267896,1.367046447,1.277366902,1.127168315,0.929057317,0.814762304,0.900726561,0.965698292,0.945479756,6.293768451,13.99791018,5.76017964,3.232885617,2.504806701,0.911144846
Namibia,NAM,0,0,0.069979006,0.070372977,0.145032632,0.060240964,0.622665006,0.19035533,0.636132316,0.201342282,0.229885057,0.41958042,1.278149726,1.352366642,0.867823765,1.7578125,,,,1.987901753,0.199612051,1.13514661
New Caledonia,NCL,,,,,,,,,,,,,,,,,,,,,,
Niger,NER,34.46601942,25.55555556,25.13089005,23.71134021,25.36585366,30.13100437,22.47706422,31.25,22.80701754,25.68093385,30.03412969,25.43859649,36.34085213,45.82392777,43.34085779,57.62711864,,,,,26.65756789,41.71427056
Nigeria,NGA,0,0,0,0,0,0,0,0,0,0,0,0,0,0,0,0,,14.29746404,18.06610531,10.36118016,0,0
Nicaragua,NIC,78.604849,80.1984127,75.41984733,72.94372294,72.27926078,65.38839725,69.94256541,71.00997506,64.47485867,69.09933391,62.99535392,66.0041841,57.18184073,47.6956313,46.13135403,49.94540293,,56.38085829,48.53606601,53.60552248,71.93612231,53.39168262
Netherlands,NLD,2.946525198,2.82502162,2.461945593,2.574934413,2.401841642,2.263788393,2.119737335,2.110017591,1.920001488,1.307931147,1.050557558,1.233733756,1.025189258,1.182472281,1.843006053,1.300081766,33.96437655,17.2950616,14.28300603,3.742471771,2.293174442,1.316896623
Norway,NOR,0.006315302,0.00741797,0.016891892,0.029061864,0.025429809,0.016758352,0.02392305,0.025714118,0.023371601,0.022904435,0.025154579,0.023739812,0.023867325,0.027728649,0.020534462,0.020149803,0.390743362,0.22186417,0.284353264,0.003269484,0.019778839,0.02320401
Nepal,NPL,1.627486438,0.964113551,0.188412624,0.17644464,0.578990902,0.631662061,0.473071325,0.32234957,0.320056899,0.417335474,0.093516209,0.057273769,0.53490991,0.284333239,0.026336582,0,,15.55593538,1.967245116,5.309306843,0.569992348,0.1805707
Nauru,NRU,,,,,,,,,,,,,,,,,,,,,,
New Zealand,NZL,0,0,0,0.049047257,0.056053812,0.009309253,0.052749874,0.002285558,0.301019361,0.020712034,0.004453946,0.0044961,0.006777517,0.006933531,0.006895759,0.002262188,0.752560187,3.851157384,0.209041648,0.114914498,0.049117715,0.005473019
OECD members,OED,6.046885857,5.996216489,5.674440556,5.888748939,5.332750699,5.103988014,4.032219171,4.018955698,3.53203838,3.051689153,2.695020462,2.833301979,3.145192295,2.688266089,2.322629468,2.165692571,10.41831816,22.11629752,11.47569706,7.474577595,4.867793296,2.63101648
Oman,OMN,17.166063,17.66457841,18.00406543,18.00448012,18.00156535,2.092711048,1.990632319,2.116728319,2.174590317,2.146923285,2.245320147,2.345250069,2.418355518,2.610518293,2.598873936,2.634470969,,84.21367521,23.5597605,18.07768277,9.936233761,2.521493757
Other small states,OSS,10.83685097,10.62499415,10.64261788,10.80282395,10.8274821,10.34354244,10.4246762,9.637610213,8.614105881,8.452808596,7.558938906,7.190043634,6.861490521,6.301167259,5.872192921,5.211673646,,13.25437815,7.436481563,10.66387382,10.12075124,6.287313596
Pakistan,PAK,39.49732809,35.97680519,32.1990912,15.73054559,15.78437212,20.15187602,28.534919,32.21584554,35.39010653,37.93638642,35.16062044,35.2949837,35.93029909,38.32679965,36.83684151,37.22499346,,4.544531821,11.90589661,30.79959359,29.34172757,36.72278348
Panama,PAN,29.56824228,50.78064012,35.40525222,48.99569584,33.98715501,35.6958984,39.82300885,42.30173482,37.92996109,43.31164136,42.8958418,41.53669138,29.30373126,34.44965394,36.80413481,27.75835276,,80.62737387,28.46919144,28.65698574,39.779923,33.97051283
Peru,PER,12.31294567,8.778515738,8.538416049,9.199965102,13.71675943,6.737519118,6.078660721,2.990210818,5.98519889,5.356980169,5.842853162,5.991382607,2.356826541,1.749184021,1.224686174,1.403079729,,23.67036116,21.38179996,20.2775866,7.96951717,2.545031814
Philippines,PHL,20.2804151,20.97130712,12.98409227,13.5436343,15.19738371,10.85615288,8.21548703,8.635990002,8.003814472,8.690105134,10.48241859,4.912108246,5.833710454,5.966837616,7.387849137,7.142077099,,86.19923185,48.71149169,48.56531723,12.7378382,6.24851651
Palau,PLW,,,,,,,,,,,,,,,,,,,,,,
Papua New Guinea,PNG,,,,,,,,,,,,,,,,,,,,,,
Poland,POL,1.338231802,1.668510517,1.667380122,1.637235099,1.910193379,1.774599476,1.808862681,1.759878056,1.762006334,1.801867378,1.840994595,1.503819321,1.264601666,1.086439624,1.005627476,1.288783688,0.526349593,2.458444434,1.642606979,1.230894087,1.712876484,1.229854355
Pre-demographic dividend,PRE,30.57489228,29.72206136,28.72295774,27.6967952,29.76437788,13.21843492,10.64248462,11.52867694,11.83889582,10.48162482,15.62683598,17.19597007,18.73084166,19.33335087,18.06927787,15.09061976,,17.59553334,31.58600666,31.86598785,20.41912016,17.68401205
Puerto Rico,PRI,,,,,,,,,,,,,,,,,,,,,,
"Korea, Dem. People's Rep.",PRK,4.108247423,5.00990099,5.127427184,4.700447662,4.532835753,3.644378492,2.848228215,3.540398643,3.36996337,2.821034695,2.631093058,3.203994591,2.869619464,3.120226926,3.277681613,5.918322778,,4.221356831,3.431750269,2.809035847,3.970286243,3.677969074
Portugal,PRT,19.4157521,20.22613065,24.98795181,13.48423293,12.7110893,19.03308219,10.80163043,10.384681,9.121495327,6.638777737,5.602428712,5.172679618,4.805160611,3.360113983,2.61167459,2.558452448,1.929519589,24.41865321,41.25439169,29.37253211,14.68048235,3.70161625
Paraguay,PRY,0,0,0,0,0,0,0,0,0,0,0.001849591,0.001735358,0.004980493,0.00496845,0.010853442,0.001793915,,18.88861615,2.618345306,0.055482478,0,0.004866332
West Bank and Gaza,PSE,,,,,,,,,,,,,,,,,,,,,,
Pacific island small states,PSS,,,,,,,,,,,,,,,,,,,,,,
Post-demographic dividend,PST,5.377775147,5.337455852,5.121856819,5.357770485,4.833903879,4.62461587,3.683911596,3.567118917,3.076563433,2.74345769,2.427403564,2.561137571,2.728780528,2.390322552,2.155536232,2.028558479,10.17473722,21.34778534,10.76689632,7.125408857,4.372442969,2.372867073
French Polynesia,PYF,,,,,,,,,,,,,,,,,,,,,,
Qatar,QAT,0,0,0,0,0,0,0,0,0,0,0,0,0,0,0,0,,11.28378736,1.216315778,0,0,0
Romania,ROU,6.544845381,10.03415884,6.536950763,6.588683351,3.892104285,3.18785451,2.56152607,1.777114783,1.077652565,1.785559654,1.141556278,1.240342586,1.277775887,0.956676233,0.745375909,0.719031583,,13.07356549,13.32007266,10.57370374,4.39864502,0.98784044
Russian Federation,RUS,3.763514469,3.372415057,3.081483214,2.963269199,2.570585167,2.229911087,2.44892415,1.699231991,1.549164075,1.61649218,0.897100325,2.596863631,2.622805484,0.82196392,1.006369942,0.946957789,,,,8.007314585,2.529499059,1.598992153
Rwanda,RWA,,,,,,,,,,,,,,,,,,,,,,
South Asia,SAS,9.108363378,8.321697552,8.03631257,6.443630841,5.96733217,6.032179382,6.31670145,6.488570562,6.548869256,6.350020975,5.626609702,5.45847623,5.437038151,5.318985555,5.033613381,4.809903411,,6.621800547,6.909946703,7.369061054,6.961367814,5.211603345
Saudi Arabia,SAU,27.68343226,28.63555093,27.84613648,31.89411765,30.05660672,30.08107924,32.35501615,35.43181043,35.3129285,27.75725302,24.07078024,26.45305246,27.69029741,23.9510311,23.90364522,20.40634162,,84.80368828,43.54219029,23.96344568,30.70539314,24.48087356
Sudan,SDN,53.95095368,55.35211268,58.38991271,65.32498509,68.07037785,67.04129639,69.6969697,71.10137423,73.42898656,50.26960407,17.29563942,23.51271437,29.85375159,19.1462466,21.65084388,22.61822641,,33.91560631,32.93088003,42.63646114,63.26265729,23.35635657
Senegal,SEN,89.83790524,91.49048626,79.06066536,72.57914339,75.30918728,79.24528302,84.95284953,88.32831325,86.87994249,86.42407278,83.64759428,84.00507775,82.66666667,83.60011233,83.60699865,83.61567636,,92.03966824,94.0316348,89.89066275,83.41078486,83.49890635
Singapore,SGP,79.95262909,69.04107105,53.77048234,35.09849428,27.19839179,23.09946877,19.78094417,18.4304573,17.08655944,15.62765415,20.20017195,19.39241167,12.99951034,4.700952699,0.698663426,0.698204899,,100,99.44757371,77.50508103,35.90861524,7.697948605
Solomon Islands,SLB,,,,,,,,,,,,,,,,,,,,,,
Sierra Leone,SLE,,,,,,,,,,,,,,,,,,,,,,
El Salvador,SLV,41.93070773,45.81531417,48.61412389,42.74412297,45.35761884,41.75824176,42.61715296,43.79624849,37.48324397,43.69820442,34.95989305,37.07052441,39.76270643,39.5567602,40.30210509,42.1773251,,32.74332951,6.817775857,33.27417159,43.38149792,39.77388425
San Marino,SMR,,,,,,,,,,,,,,,,,,,,,,
Somalia,SOM,,,,,,,,,,,,,,,,,,,,,,
Serbia,SRB,0.922671353,0.913748933,0.707358813,0.757789968,0.390065276,1.87256676,0.890874702,1.384404925,0.466997909,0.273071927,0.296609037,0.186724174,0.185231263,0.025492645,0.029898942,0.074477989,,,,1.80988088,0.857955057,0.100365003
Sub-Saharan Africa (excluding high income),SSA,2.391449386,2.229043224,1.994957013,2.074599192,2.3994444,2.570104353,2.780241593,3.235351867,3.341757127,3.494412397,2.663563989,2.876209966,3.416828039,3.690618102,3.849238817,4.033094051,,3.347748253,2.602469458,2.337269955,2.651136055,3.573197795
South Sudan,SSD,,,,,,,,,,,,,99.5505618,99.57627119,99.59016393,99.39393939,,,,,,99.52773408
Sub-Saharan Africa,SSF,2.3896183,2.22733649,1.993429514,2.073010712,2.397607193,2.568136475,2.778112817,3.232874622,3.33919841,3.491736794,2.661524551,2.874007709,3.414211842,3.687792269,3.846291531,4.030005991,,3.345184949,2.600476799,2.335480354,2.649106133,3.570461868
Small states,SST,16.17453245,15.95900884,16.1805021,16.05139105,16.02668019,15.5240142,15.04554812,12.84569174,10.53950884,10.46051398,9.456239574,9.254678265,8.56719137,8.128650619,7.696037534,7.125157537,,17.31356933,9.36049772,15.03318493,14.48073915,8.154343065
Sao Tome and Principe,STP,,,,,,,,,,,,,,,,,,,,,,
Suriname,SUR,11.60409556,13.36032389,20.6231454,27.3890143,34.39943141,47.29907773,33.11603651,25.85209003,22.05455601,23.2183908,29.81438515,39.3644285,36.76470588,40.06410256,37.66055046,39.94685562,,,,,25.89161616,38.76012861
Slovak Republic,SVK,0.655886746,2.165996986,2.185520924,2.284902859,2.419566645,2.363485583,2.31032607,2.545532769,2.367872045,2.415216636,2.184678124,2.071549774,1.786218582,1.504524093,1.112420804,1.441874437,,23.64963,8.667705171,5.013609165,2.171430726,1.583317538
Slovenia,SVN,0.403699354,0.871007881,0.452116728,0.361794501,0.281579464,0.277832903,0.34402911,0.192780695,0.097566925,0.170700482,0.049215626,0.100534087,0.057885259,0.044278575,0.244712463,0.114733077,,,,2.789387258,0.345310804,0.112428692
Sweden,SWE,1.055559763,1.429499675,2.014314928,2.859379963,1.288297851,0.870773214,1.164803261,0.723678464,0.582411571,0.534391379,1.194934663,0.526441892,0.389338845,0.268573034,0.19537101,0.155621839,9.528593138,18.66158413,3.013397687,2.352947357,1.252311007,0.307069324
Eswatini,SWZ,,,,,,,,,,,,,,,,,,,,,,
Sint Maarten (Dutch part),SXM,,,,,,,,,,,,,,,,,,,,,,
Seychelles,SYC,,,,,,,,,,,,,,,,,,,,,,
Syrian Arab Republic,SYR,50.08525994,45.86702606,45.76089673,41.77699523,45.80228824,50.50808645,51.36657458,59.76398737,61.68490847,50.0161633,39.44584491,38.50453894,38.29750841,27.30809337,22.51388427,29.06437,,59.7586222,51.04042868,52.08707933,50.26321864,31.137679
Turks and Caicos Islands,TCA,,,,,,,,,,,,,,,,,,,,,,
Chad,TCD,,,,,,,,,,,,,,,,,,,,,,
East Asia & Pacific (IDA & IBRD countries),TEA,5.536360011,4.934958177,4.784382259,4.282286984,4.630446845,3.701245461,2.837811799,2.12776546,1.817081149,1.397312894,1.351828531,1.341357594,0.963940561,0.799631028,0.736995607,0.586148238,,27.11279591,22.07213329,10.15452029,3.604965104,0.885614605
Europe & Central Asia (IDA & IBRD countries),TEC,4.456418547,3.969964357,3.713053357,3.546899435,2.899663157,2.56466192,2.574823269,2.083577463,1.857979117,1.926509725,0.95490144,1.67847413,1.721362142,0.702088895,0.813247841,0.914231957,,,,8.010602263,2.959355035,1.165880993
Togo,TGO,42.85714286,59.3495935,42.76315789,29.54545455,55.37634409,59.78835979,57.46606335,47.95918367,24.3902439,25,45.81005587,13.28125,15.31531532,18.27956989,13.79310345,24.69135802,,44.74552659,37.4444759,32.33117916,44.44955436,17.07211934
Thailand,THA,10.44833658,2.858816637,2.591434049,2.70295684,6.164944682,6.59924204,6.145219184,2.687302097,1.130736776,0.485194819,0.737829265,1.321871134,1.454617376,0.984056755,0.9973805,0.570432043,,64.43784571,30.4381461,25.47731989,4.181418371,1.065671562
Tajikistan,TJK,0,0,0,0,0,0,0,0,0,0,0,0,0,0,0,0,,,,0,0,0
Turkmenistan,TKM,0,0,0,0,0,0,0,0,0,0,0,0,0,0,0,0,,,,0,0,0
Latin America & the Caribbean (IDA & IBRD countries),TLA,16.03197739,16.06025521,14.2798903,13.10278881,12.54988191,12.26188293,11.27940364,11.71909554,11.93882188,11.24117778,10.5894181,10.49366262,11.04375217,10.62409205,9.840572529,9.616110241,,26.13205471,20.19539045,15.3846914,13.04651754,10.32363792
Timor-Leste,TLS,,,,,,,,,,,,,,,,,,,,,,
Middle East & North Africa (IDA & IBRD countries),TMN,35.73894967,31.97650801,32.03038747,28.1074246,28.46914945,23.5092645,23.53193474,23.56416522,24.363696,23.41832733,23.50632045,26.0768019,26.79240775,28.91130435,25.080638,20.50562966,,46.94136843,54.03877566,40.47663894,27.4709807,25.47335633
Tonga,TON,,,,,,,,,,,,,,,,,,,,,,
South Asia (IDA & IBRD),TSA,9.108363378,8.321697552,8.03631257,6.443630841,5.96733217,6.032179382,6.31670145,6.488570562,6.548869256,6.350020975,5.626609702,5.45847623,5.437038151,5.318985555,5.033613381,4.809903411,,6.621800547,6.909946703,7.369061054,6.961367814,5.211603345
Sub-Saharan Africa (IDA & IBRD countries),TSS,2.3896183,2.22733649,1.993429514,2.073010712,2.397607193,2.568136475,2.778112817,3.232874622,3.33919841,3.491736794,2.661524551,2.874007709,3.414211842,3.687792269,3.846291531,4.030005991,,3.345184949,2.600476799,2.335480354,2.649106133,3.570461868
Trinidad and Tobago,TTO,0.05495512,0.053153792,0.053153792,0.093211123,0.139968896,0.170019836,0.208623088,0.234497134,0.271633683,0.306005355,0.282852092,0.273597811,0.262812089,0.252498685,0.242546741,0.233009709,,2.527357742,0.732942551,0.072224261,0.158522182,0.252893007
Tunisia,TUN,11.5987165,9.857794944,10.10049827,0.885739593,1.273031826,1.650738488,7.618099686,10.63396171,4.991993316,3.455284553,0.024431957,0.060617082,0.022147168,0.478755236,1.817424361,4.635088433,,63.52086845,51.20143133,28.5473877,6.206585889,1.402806456
Turkiye,TUR,7.453450953,8.447341617,8.302936631,6.542135851,5.089649498,3.385487416,2.461726953,3.406801073,3.789474745,2.465967189,1.032157873,0.394083516,0.68435381,0.724118691,0.851712355,0.849558604,12.3209503,36.49310268,18.6924611,6.883206607,5.134497193,0.700765395
Tuvalu,TUV,,,,,,,,,,,,,,,,,,,,,,
Tanzania,TZA,10.9223301,1.97486535,0.035385704,1.391500564,26.39304973,16.51195499,19.89559165,11.56787763,7.427660059,2.320185615,3.735305271,9.542509327,15.20844516,21.47786568,15.48480463,21.93804607,,35.0891169,11.36455704,9.482597457,9.844040139,16.73033417
Uganda,UGA,,,,,,,,,,,,,,,,,,,,,,
Ukraine,UKR,0.693061792,0.61399397,0.46666513,0.360694309,0.313135197,0.315201196,0.359669415,0.325603436,0.50990207,0.975699664,0.435316796,0.284691302,0.269707556,0.201336045,0.118697623,0.460187036,,,,6.288810412,0.493362618,0.266923913
Upper middle income,UMC,8.189322227,7.458944357,6.767480086,5.941343729,5.710040292,4.594622439,3.839339105,3.173863758,2.893057167,2.589519507,2.436542197,2.629429622,2.691405414,2.361886366,2.276484534,2.03514472,,11.95872178,10.36624743,10.95824654,5.115753267,2.398870131
Uruguay,URY,6.615709014,0.205405405,0.322748568,0.128220072,18.38122768,12.45769331,35.07210255,12.92170592,39.01243015,31.04770497,11.65075034,27.07849961,38.18061716,19.13908421,9.250864387,11.44104803,,48.45884829,12.56673608,9.132369595,15.61649476,21.01802268
United States,USA,2.943005078,3.374907622,2.636052711,3.379207423,3.353093479,3.309762006,1.839082987,1.80706605,1.330330787,1.211049612,1.104317669,0.913504375,0.774312765,0.859739209,0.923259081,0.90380652,6.822042597,15.45149266,6.33020149,3.389152523,2.518355776,0.87492439
Uzbekistan,UZB,10.05462615,9.922645483,9.419995944,8.585020243,7.864,6.632113821,5.862136685,4.175689479,2.947368421,2.078078078,1.450676983,1.034351145,0.727619048,0.512915129,0.362815884,0.256634078,,,,8.407492974,6.754167431,0.578867057
St. Vincent and the Grenadines,VCT,,,,,,,,,,,,,,,,,,,,,,
"Venezuela, RB",VEN,9.265752718,11.08978129,14.53316204,16.58292004,12.53754363,13.11299628,12.61342848,11.50559476,12.54096918,12.97374143,15.8405485,14.76250625,16.12701701,15.03653784,14.01752092,16.88578961,,15.45467033,22.7838938,5.493235738,12.67558899,15.36587433
British Virgin Islands,VGB,,,,,,,,,,,,,,,,,,,,,,
Virgin Islands (U.S.),VIR,,,,,,,,,,,,,,,,,,,,,,
Vietnam,VNM,17.01366665,15.54168845,12.25276567,6.494807575,3.646475795,4.03869092,2.320929694,3.963705826,2.137718677,2.146077547,3.593142472,1.6805673,0.316348051,0.339053529,0.366854154,0.48602911,,0,22.04043715,14.28470398,6.955652681,0.637770429
Vanuatu,VUT,,,,,,,,,,,,,,,,,,,,,,
World,WLD,7.298836176,7.046548582,6.727198342,6.575714025,6.167517729,5.748395474,5.064642323,4.868313129,4.595082443,4.181064655,3.810264981,4.018798528,4.153661733,3.781696547,3.545854554,3.277791746,,19.19190788,11.17052459,8.849402047,5.827331288,3.755560622
Samoa,WSM,,,,,,,,,,,,,,,,,,,,,,
Kosovo,XKX,0.642543118,0.64171123,0.64602961,0.716253444,0.636942675,0.605652759,0.654036987,0.641158221,0.639287098,0.301446945,0.425696594,0.362006551,0.23557126,0.229885057,0.27593819,0.245138094,,,,,0.612506209,0.269707831
"Yemen, Rep.",YEM,100,100,100,100,100,100,100,100,100,99.94074074,73.44938749,78.44938749,68.59889721,67.98023762,61.44389223,60.19526849,,100,100,100,99.99407407,67.33353661
South Africa,ZAF,0,0.002882218,0.003660255,0.001729745,0,0.032224081,0.024715867,0.442610365,0.055964527,0.019852926,0.076758829,0.075892995,0.076104396,0.07583178,0.075760309,0.074168342,,0.009672798,0.026519376,0.037131837,0.058363998,0.075551564
Zambia,ZMB,0.436009233,0.440639557,0.429289832,0.421229992,0.411377527,0.414055506,0.134269779,0.124442601,0.125865324,0.121297887,0.124425727,0.130457471,0.145536869,0.142857143,2.836977581,3.006176055,,1.372028775,0.525534609,0.383229223,0.305847724,1.252401024
Zimbabwe,ZWE,0.943531094,0.417404503,0.17468266,0.170473917,0.216071612,0.25602731,0.15048909,0.315415955,0.393442623,0.288026334,0.276976342,0.48828125,0.554167119,0.595611285,0.538599641,0.494386652,,0,0,0.05923001,0.33255651,0.534209189
