Country Name,Country Code,_2000,_2001,_2002,_2003,_2004,_2005,_2006,_2007,_2008,_2009,_2010,_2011,_2012,_2013,_2014,_2015,_2016,_2017,_2018,_2019,_2020,_90s,_2000s,_2010_14,2015-19
Aruba,ABW,100,100,100,100,100,100,100,100,100,100,100,100,100,100,100,100,100,100,100,100,100,99.53037831,100,100,100
Africa Eastern and Southern,AFE,8.469417741,,,9.69717148,10.91916313,10.38569599,12.42371037,12.43141247,12.88896695,15.34100195,14.5771748,16.22279425,19.40259153,18.66350164,17.63398641,16.46468079,24.53143609,25.34511115,27.44990767,29.64176045,30.40493494,,11.56956751,17.30000972,24.68657923
Afghanistan,AFG,,,,,3.240603924,11.11385155,15.7653656,22.06067848,27.95425034,34.74578476,30.21879959,29.57287979,60.84915543,60.56613541,86.50051117,64.57335663,97.0993576,97.09197235,95.58617401,97.07563019,97.06671143,,19.14675577,53.54149628,90.28529816
Africa Western and Central,AFW,16.52994167,16.08535736,15.7748366,21.44452359,16.7431092,17.6032695,17.857298,17.73941421,19.51794746,18.77206754,20.53376506,22.33825091,19.82207357,23.29407779,22.54982493,22.78059197,27.38021995,,,,25.46679511,13.93892872,17.80677651,21.70759845,25.08040596
Angola,AGO,3.536051273,9.47707653,2.921275139,2.461781979,1.885920763,1.188117266,0.846492827,,6.609388351,,,,,,,3.815066576,,,7.333445072,,,,3.615763016,,5.574255824
Albania,ALB,100,100,100,100,100,100,100,100,100,100,100,100,100,100,100,100,100,100,100,100,100,100,100,100,100
Andorra,AND,100,100,100,100,100,100,100,100,100,100,100,100,100,100,100,100,100,100,100,100,100,100,100,100,100
Arab World,ARB,68.17380833,70.4674396,70.02899565,71.8286435,68.20496248,69.62666918,73.4525088,69.83534637,69.62313621,70.62856688,75.41409754,75.55981558,75.37702209,79.58262154,77.66615747,78.95159239,79.79166538,82.37306556,82.97075371,83.74050002,81.66089867,58.99316191,70.1870077,76.71994284,81.56551541
United Arab Emirates,ARE,100,100,100,100,100,100,100,100,100,100,100,100,100,100,100,100,100,100,100,100,100,100,100,100,100
Argentina,ARG,90.10272217,86.0806427,91.36688232,91.89742279,92.30157471,92.5335083,92.56249237,92.43852997,92.23491669,92.03239441,96.12537384,95.85079956,94.68993378,94.68718719,100,97.09149933,98.8367691,100,99.87181091,100,100,81.6117819,91.35510864,96.27065887,99.16001587
Armenia,ARM,98.53397369,100,95.6984787,99.07201385,99.09254456,99.62270355,99.02339935,98.94639587,98.86361694,98.79253387,99.973526,99.55459595,99.35077667,99.43714905,99.79554749,100,99.80000305,99.52897644,99.90000153,100,100,,98.76456604,99.62231903,99.8457962
American Samoa,ASM,,,,,,,,,,,,,,,,,,,,,,,,,
Antigua and Barbuda,ATG,96.59548187,96.75639343,100,97.07985687,97.23549652,100,100,100,100,97.94481659,98.10731506,92.66983032,100,100,100,100,100,100,100,100,100,94.7473531,98.56120453,98.15542908,100
Australia,AUS,100,100,100,100,100,100,100,100,100,100,100,100,100,100,100,100,100,100,100,100,100,100,100,100,100
Austria,AUT,100,100,100,100,100,100,100,100,100,100,100,100,100,100,100,100,100,100,100,100,100,100,100,100,100
Azerbaijan,AZE,98.06608582,97.61593628,100,98.24875641,98.54092407,98.81291199,99.16723633,99.30285645,99.54162598,99.80123901,99.91911316,99.90000153,100,100,100,100,100,100,100,100,100,,98.90975723,99.96382294,100
Burundi,BDI,,,,,,,,,0.882571578,,,,,0.998028159,0.980122626,1.737854719,2.384181738,1.658408761,3.310829401,3.451540947,3.484119415,,0.882571578,0.989075392,2.508563113
Belgium,BEL,100,100,100,100,100,100,100,100,100,100,100,100,100,100,100,100,100,100,100,100,100,100,100,100,100
Benin,BEN,5.407822132,4.449229717,6.896841049,7.516693115,8.116897583,8.697264671,7.915503502,9.800449371,10.33693027,10.87603188,10.57369995,13.6236372,14.55078602,13.43097687,16.22601128,11.06600285,15.29436016,17.19218445,16.74735069,17.4756794,18.19651031,3.522980079,8.001366329,13.68102226,15.55511551
Burkina Faso,BFA,2.28384614,2.256229877,2.189110518,1.152560472,1.934472084,1.744947553,1.511310816,1.336691976,1.218693733,2.550698757,1.529839158,1.924001455,1.531152487,1.082254171,4.749875546,,,,,,,1.875594267,1.817856193,2.163424563,
Bangladesh,BGD,16.81052208,21.51697922,24.42725945,27.35251808,27.87629128,30.17185783,40.17095566,32.49226379,42.30385971,45.39578247,39.9978981,45.70708847,54.64748001,48.58776474,48.12120056,65.22212982,66.14364624,81.57102966,89.08300781,88.85359955,95.21196747,7.147454607,30.85182896,47.41228638,78.17468262
Bulgaria,BGR,100,100,100,100,100,100,100,100,100,100,100,100,100,100,100,100,100,100,100,100,100,100,100,100,100
Bahrain,BHR,100,100,100,100,100,100,100,100,100,100,100,100,100,100,100,100,100,100,100,100,100,99.90893914,100,100,100
"Bahamas, The",BHS,100,100,100,100,100,100,100,100,100,100,100,100,100,100,100,100,100,100,100,100,100,100,100,100,100
Bosnia and Herzegovina,BIH,100,100,100,100,100,100,100,100,100,100,100,100,100,100,100,100,100,100,100,100,100,100,100,100,100
Belarus,BLR,100,100,100,100,100,100,100,100,100,100,100,100,100,100,100,100,100,100,100,100,100,100,100,100,100
Belize,BLZ,65.6969986,67.38751984,68.85503387,70.30734253,71.7432785,73.16130066,85.12733459,75.9522934,77.34288025,78.7431488,84.06894684,87.8571701,85.86384583,86.06543732,86.25106812,87.55831909,89.38884735,91.02072144,86.51377106,87.83975983,96.07446289,56.65647753,73.4317131,86.02129364,88.46428375
Bermuda,BMU,100,100,100,100,100,100,100,100,100,100,100,100,100,100,100,100,100,100,100,100,100,100,100,100,100
Bolivia,BOL,28.16743088,28.0133419,22.52780151,34.95559311,40.49040222,29.54500389,41.57055664,46.53506088,57.00263596,63.27758026,66.26538086,66.64757538,72.16989136,68.51673889,70.29286194,74.33849335,74.86945343,74.8204422,77.58667755,84.92347717,91.81351471,23.53120646,39.20854073,68.77848969,77.30770874
Brazil,BRA,74.39940643,81.87576294,84.11795044,85.3215332,83.45054626,84.83053589,87.16542053,89.7762146,91.85225677,93.61740112,92.13961029,96.1905899,97.22181702,97.50203705,97.91007996,98.23240662,98.46713257,99.16959381,98.41090393,98.48208618,100,68.49557073,85.64070282,96.19282684,98.55242462
Barbados,BRB,100,100,100,100,100,100,100,100,100,100,100,100,100,100,100,100,100,100,100,100,100,99.996237,100,100,100
Brunei Darussalam,BRN,100,100,100,100,100,100,100,100,100,100,100,100,100,100,100,100,100,100,100,100,100,100,100,100,100
Bhutan,BTN,8.796516418,19.5000267,23.71965599,18.45110893,32.43301392,43.22629166,41.99067688,58.85198212,52.30018997,57.63077164,59.39778137,72.0372467,86.8699646,80.34894562,86.59482574,92.91911316,99.4221344,96.76015472,99.96322632,100,100,,35.69002342,77.04975281,97.81292572
Botswana,BWA,11.97331524,10.44247437,6.411587715,16.46249962,17.96475029,19.42159843,20.82823372,21.30759621,21.63465118,16.21658516,25.28346443,25.1560154,25.38517952,25.99620819,26.81712914,26.45165634,28.63506126,30.96487236,28.75203323,27.12532806,26.38289833,6.768170655,16.26632919,25.72759933,28.38579025
Central African Republic,CAF,,0.834010661,0.969780445,1.091643095,1.199050069,1.285908103,,1.402481914,4.737354279,1.484089375,,,,0.625170887,0.984929383,1.436950803,1.961496115,2.38064003,2.528975964,1.531567454,2.252866745,,1.625539742,0.805050135,1.967926073
Canada,CAN,100,100,100,100,100,100,100,100,100,100,100,100,100,100,100,100,100,100,100,100,100,100,100,100,100
Central Europe and the Baltics,CEB,100,100,100,100,100,100,100,100,100,100,100,100,100,100,100,100,100,100,100,100,100,100,100,100,100
Switzerland,CHE,100,100,100,100,100,100,100,100,100,100,100,100,100,100,100,100,100,100,100,100,100,100,100,100,100
Channel Islands,CHI,100,100,100,100,100,100,100,100,100,100,100,100,100,100,100,100,100,100,100,100,100,100,100,100,100
Chile,CHL,86.54576874,81.98841858,83.13850403,92.76950836,85.69866943,86.81345367,96.41898346,88.67390442,89.51880646,97.7480011,98.25826263,97.76864624,100,100,100,100,100,100,100,100,100,74.1372742,88.93140182,99.20538177,100
China,CHN,95.35548401,95.78682709,96.1137085,96.44287872,96.77371216,97.10500336,97.4377594,97.77693176,98.13040924,98.52694702,99.40914917,99.69618225,99.92107391,99.99243164,100,100,100,100,100,100,100,,96.94496613,99.8037674,100
Cote d'Ivoire,CIV,23.74615479,24.58332253,26.81161118,26.22465897,27.02555847,36.18636703,34.08423233,29.34969521,35.56399536,30.89202881,31.69058037,26.28063202,25.77847672,34.3230629,34.28089142,39.22568893,36.73153687,38.27824402,40.26659012,41.79225922,43.1361084,19.3478622,29.44676247,30.47072868,39.25886383
Cameroon,CMR,9.221458435,13.86188793,13.76755142,14.36843967,19.47418404,15.49829674,25.80885506,6.426581383,17.02205276,17.51643372,15.91278744,16.84192085,17.91220856,19.19569778,18.80194664,21.09845924,21.83436012,22.5990963,26.27653313,24.17687798,24.97561264,8.890152636,15.29657412,17.73291225,23.19706535
"Congo, Dem. Rep.",COD,,,,,,,,1.820218205,,,,,,,,1,1,1,1,1,1,,1.820218205,,1
"Congo, Rep.",COG,5.073888779,5.633776665,6.168187141,6.673789501,7.144731045,7.223665237,7.959977627,8.309947968,8.636836052,9.245166779,10.25961971,10.29454422,10.61779594,10.66073895,11.16415119,11.81266499,12.45199585,12.90127659,13.02866936,13.91883659,14.75402164,,7.206996679,10.59937,12.82268867
Colombia,COL,83.27282715,94.28961182,82.16966248,82.81381226,83.43251038,88.87290955,84.54111481,85.04194641,86.96315765,83.76883698,86.2368927,85.50323486,87.07796478,90.07376862,89.89215088,91.79024506,92.76199341,92.74034119,92.61667633,98.70829773,100,76.45639975,85.51663895,87.75680237,93.72351074
Comoros,COM,30.10852242,32.66405487,33.21569443,37.74304581,40.26726151,42.77551651,45.26982117,47.75577164,50.2401619,52.72899246,63.96058655,63.39151001,63.11798477,62.85503769,65.45066071,68.06796265,70.70285034,73.35142517,76.00947571,78.67218018,81.33640289,23.72626064,41.27688427,63.75515594,73.36077881
Cabo Verde,CPV,31.52542877,33.70980072,30.72216034,38.22245407,40.54983521,42.45780182,45.34531021,47.82583618,50.38115311,53.0355072,65.68374634,67.89832306,69.60108948,71.52090454,73.72712708,76.14045715,78.62112427,80.99023438,84.96973419,87.28790283,93.51370239,,41.37752876,69.6862381,81.60189056
Costa Rica,CRI,92.81552887,95.7712326,96.32259369,96.66844177,97.34148407,97.44307709,97.56266785,97.72034454,97.76741791,98.16230774,97.0904007,97.26605988,98.14076233,98.43602753,98.26869965,97.68201447,98.45259094,98.86716461,98.9319458,98.86599731,99.73197937,,96.75750961,97.84039001,98.55994263
Caribbean small states,CSS,79.11682391,83.70101646,83.248356,83.58405886,84.3210781,85.50904859,86.03751081,87.19829813,87.26257326,87.78400985,89.72765766,89.15047542,90.83340065,92.04987118,91.69589554,92.84727051,94.15677561,95.16415522,95.84821996,96.86962335,98.08883854,74.99613966,84.7762774,90.69146009,94.97720893
Cuba,CUB,87.84292603,85.24677277,82.27108002,86.51040649,87.14031982,87.71147919,88.21702576,88.67862701,89.12539673,89.58753204,90.0947113,90.6778717,91.38882446,92.23522186,93.21615601,94.30554962,95.46939087,96.67736816,97.91494751,99.46315002,100,,87.23315659,91.52255707,96.76608124
Curacao,CUW,100,100,100,100,100,100,100,100,100,100,100,100,100,100,100,100,100,100,100,100,100,100,100,100,100
Cayman Islands,CYM,100,100,100,100,100,100,100,100,100,100,100,100,100,100,100,100,100,100,100,100,100,100,100,100,100
Cyprus,CYP,100,100,100,100,100,100,100,100,100,100,100,100,100,100,100,100,100,100,100,100,100,100,100,100,100
Czech Republic,CZE,100,100,100,100,100,100,100,100,100,100,100,100,100,100,100,100,100,100,100,100,100,100,100,100,100
Germany,DEU,100,100,100,100,100,100,100,100,100,100,100,100,100,100,100,100,100,100,100,100,100,100,100,100,100
Djibouti,DJI,56.07738113,53.73178482,26.09912109,48.90735626,46.4023819,43.81864548,32.6496582,38.41553879,35.64962769,32.88243103,30.12925529,27.41627121,22.0668869,22.21415138,20.81290436,22.22950745,24.27287102,,25.36614799,25.16541862,24.79414177,67.64723252,41.46339264,24.52789383,24.25848627
Dominica,DMA,,,,,,,,,,,,,,,,,,,,,,,,,
Denmark,DNK,100,100,100,100,100,100,100,100,100,100,100,100,100,100,100,100,100,100,100,100,100,100,100,100,100
Dominican Republic,DOM,76.1583786,77.82800293,77.76927185,78.47057343,80.20529938,79.72760773,80.73908234,90.49895477,92.61719513,92.90400696,93.58837128,92.48682404,92.27649689,93.44198608,93.63989258,93.91661072,95.03713226,100,95.90138245,96.29821777,100,69.01151202,82.69183731,93.08671417,96.23066864
Algeria,DZA,98.26815796,98.28793335,98.29262543,98.27619934,98.23142242,98.14997864,98.02616119,97.87013245,97.93528748,97.52659607,97.37731171,97.27204895,97.67372894,97.2889328,97.43061066,97.65237427,98.12684631,99.07200623,99.07130432,98.68105316,99.57990265,,98.08644943,97.40852661,98.52071686
East Asia & Pacific (excluding high income),EAP,87.81186293,88.16069541,88.77101828,88.70632724,90.22968794,89.31270526,90.99410612,90.81861987,91.42349031,91.70528646,92.19817503,93.27429274,93.67932668,93.93997858,94.05083163,94.6828468,94.71187556,96.14824629,96.05176449,96.38558027,96.18752524,,89.79337998,93.42852093,95.59606268
Early-demographic dividend,EAR,50.91768962,50.89179265,55.99626279,54.8509574,55.89848692,57.09648022,58.92797702,60.93283182,63.11819195,64.45565642,65.75220191,60.10723234,69.45058369,71.23438792,72.24770715,76.62609494,78.70333106,82.10652292,85.64289912,86.8559616,88.77189133,44.08050137,57.30863268,67.7584226,81.98696193
East Asia & Pacific,EAS,88.23107681,88.5529429,89.12623891,89.04787552,90.51205398,89.60808017,91.23430828,91.05588274,91.63886318,91.90614447,92.3822623,93.43336745,93.83050057,94.08659855,94.19662571,94.81491019,94.84506469,96.24655764,96.15394368,96.48040776,96.28878536,,90.0913467,93.58587092,95.70817679
Europe & Central Asia (excluding high income),ECA,99.71845483,99.75656999,99.8444257,99.8584693,99.80596335,99.81367761,99.76979292,99.83150653,99.84356974,99.87708235,99.87819762,99.82535641,99.92984289,99.8985704,99.93223447,99.85547642,99.95183018,99.96225891,99.96482422,99.98772373,100,99.63883635,99.81195123,99.89284036,99.94442269
Europe & Central Asia,ECS,99.86356327,99.8819909,99.92452943,99.93133625,99.90586232,99.90959753,99.88826812,99.91816321,99.92390879,99.94008223,99.94043138,99.91416283,99.96539837,99.94981505,99.96637035,99.92803671,99.97593447,99.9810803,99.98231083,99.99380448,100,99.94054655,99.9087302,99.9472356,99.97223336
Ecuador,ECU,85.453125,86.05292511,86.70935059,88.12867737,88.0528183,89.64994049,91.09749603,92.18968201,93.27339172,92.28255463,93.67670441,91.94873047,93.05280304,95.44513702,97.50285339,97.0184021,96.78349304,97.797966,96.93596649,97.75747681,97.39957428,82.09076322,89.28899612,94.32524567,97.25866089
"Egypt, Arab Rep.",EGY,96.35330963,95.86430359,96.21400452,98.12284851,96.47687531,99.09791565,98.8172226,97.76171112,99.72438049,98.34965515,99.18349457,99.23875427,99.82583618,99.82610321,99.72505188,99.44956207,100,100,100,100,100,93.23333483,97.67822266,99.55984802,99.88991241
Euro area,EMU,100,100,100,100,100,100,100,100,100,100,100,100,100,100,100,100,100,100,100,100,100,100,100,100,100
Eritrea,ERI,11.15677261,11.93410301,13.96753407,13.48238277,14.25618744,15.03237152,15.81031704,16.59817696,17.40040398,18.60262871,19.84139633,21.1244278,23.05152512,24.94751358,26.89279556,28.87719727,30.89306068,32.93311691,34.98842239,36.98405075,39.02468491,8.552317772,14.82408781,23.17153168,32.9351696
Spain,ESP,100,100,100,100,100,100,100,100,100,100,100,100,100,100,100,100,100,100,100,100,100,100,100,100,100
Estonia,EST,100,100,100,100,100,100,100,100,100,100,100,100,100,100,100,100,100,100,100,100,100,100,100,100,100
Ethiopia,ETH,1.72193265,,,1.428403974,3.117619753,0.646618783,6.492838383,8.170144081,9.700676918,11.24337864,12.80028725,9.590688705,15.98018551,17.62691307,12.00607586,15.49694633,32.36383438,30.97068596,32.62994766,36.05718994,39.41490936,,5.315201648,13.60083008,29.50372086
European Union,EUU,100,100,100,100,100,100,100,100,100,100,100,100,100,100,100,100,100,100,100,100,100,100,100,100,100
Fragile and conflict affected situations,FCS,24.91438341,,,25.66591743,22.65445141,23.13237997,24.25467768,22.92945597,25.08273953,26.40695203,26.42806037,27.95119969,30.60299947,31.73593075,30.46266503,28.67644113,35.22697159,38.41882866,36.93710249,39.77815165,36.93230086,,24.38011968,29.43617106,35.8074991
Finland,FIN,100,100,100,100,100,100,100,100,100,100,100,100,100,100,100,100,100,100,100,100,100,100,100,100,100
Fiji,FJI,61.27054214,63.12296677,67.84324646,68.4312973,68.72196198,70.59611511,72.47142029,83.11467743,75.36629486,78.12649536,81.78797913,82.94972992,84.19194031,85.3578186,88.66130829,91.02565765,93.46900177,91.54716492,98.79052734,99.38156128,100,55.00634817,70.90650177,84.58975525,94.84278259
France,FRA,100,100,100,100,100,100,100,100,100,100,100,100,100,100,100,100,100,100,100,100,100,100,100,100,100
Faroe Islands,FRO,100,100,100,100,100,100,100,100,100,100,100,100,100,100,100,100,100,100,100,100,100,100,100,100,100
"Micronesia, Fed. Sts.",FSM,39.09986877,41.50422668,43.41996002,45.32735062,47.22734833,49.12101364,51.01218033,52.90374756,54.79947662,56.70533752,58.77507782,61.12238312,63.22857285,65.22833252,67.1635437,69.20349884,71.42024994,73.58443451,75.46004486,77.09455872,78.82523346,,48.11205101,63.103582,73.35255737
Gabon,GAB,11.6053257,21.46926117,21.13829422,20.78045845,20.37614632,27.09567833,19.34385872,18.71918488,18.06344414,17.44039345,51.06251907,43.21263123,32.26135254,32.79255676,19.81916809,17.85455894,19.1371479,,22.78890228,25.12656784,27.76330185,,19.60320454,35.82964554,21.22679424
United Kingdom,GBR,100,100,100,100,100,100,100,100,100,100,100,100,100,100,100,100,100,100,100,100,100,100,100,100,100
Georgia,GEO,99.69405365,99.73801422,99.78973389,100,99.93000031,97.4912262,100,100,100,100,100,100,100,100,100,100,100,100,100,100,100,,99.66430283,100,100
Ghana,GHA,14.86892509,17.32825661,19.7857666,23.98505211,24.79031563,7.860023975,31.44894028,32.5354538,36.82274246,37.94099808,55.35118103,41.97545624,23.64317894,50.82963943,63.96502304,57.59625626,66.59609222,65.33245087,68.27960968,70.00862122,73.99131775,6.83549027,24.73664746,47.15289574,65.56260605
Gibraltar,GIB,100,100,100,100,100,100,100,100,100,100,100,100,100,100,100,100,100,100,100,100,100,100,100,100,100
Guinea,GIN,,,,,0.588048637,,2.300872564,3.138108015,3.970991611,4.806175709,5.649490833,6.508968353,1.190641165,8.27614212,9.241355896,10.18582058,6.742916107,8.555721283,21.40090942,17.02362061,19.30759621,,2.960839307,6.173319674,12.7817976
"Gambia, The",GMB,18.81904221,9.746146202,10.83230209,1.078812242,13.09373188,4.456477165,15.34852791,16.43309593,17.50088501,18.5673027,24.01985741,24.96532059,25.87530518,30.2527256,27.56254387,28.58880806,29.96215057,20.51826286,,,31.56268501,4.419040328,12.58763233,26.53515053,26.35640717
Guinea-Bissau,GNB,,,,,,,2.077230453,,,,2.115419865,3.930664063,5.906770229,7.946691036,5.82026577,8.900303841,10.56944847,12.37968063,13.34285927,14.33034611,15.16808987,,2.077230453,5.143962193,11.90452766
Equatorial Guinea,GNQ,37.5611763,35.81651688,33.94566345,31.94203758,29.78823853,27.47844315,24.98733711,22.31447029,19.45768356,16.4296608,13.96291542,10.05367565,6.361867905,5.45471096,4.620966434,3.854310274,3.159581423,2.535641909,1.9623909,1.433737516,0.932630002,,27.97212276,8.090827274,2.589132404
Greece,GRC,100,100,100,100,100,100,100,100,100,100,100,100,100,100,100,100,100,100,100,100,100,100,100,100,100
Grenada,GRD,,,,,,,,,,,,,,,,,,,,,,,,,
Greenland,GRL,100,100,100,100,100,100,100,100,100,100,100,100,100,100,100,100,100,100,100,100,100,100,100,100,100
Guatemala,GTM,55.00925446,57.32870102,64.14669037,63.396698,62.80742264,64.64946747,74.18377686,68.34191132,70.20993805,72.10788727,74.04486847,73.9852066,78.08470917,80.20419312,76.65595245,84.6371994,86.94113922,89.66254425,91.69805145,94.14087677,96.62060547,48.71097522,65.21817474,76.59498596,89.41596222
Guam,GUM,100,100,100,100,100,100,100,100,100,100,100,100,100,100,100,100,100,100,100,100,100,99.7374704,100,100,100
Guyana,GUY,69.4178009,70.2123642,70.99520111,71.79386902,72.58628845,75.91959381,69.94085693,74.89648438,75.65937042,72.71347046,79.73895264,80.8806076,81.99227905,83.12397003,84.20783997,85.55513763,86.92716217,88.23208618,89.2988739,90.17095947,90.94596863,66.20528761,72.41352997,81.98872986,88.03684387
High income,HIC,99.61815238,99.60648724,99.62219247,99.76933164,99.65025691,99.66468332,99.76840055,99.70370038,99.71556706,99.79981441,99.78753253,99.81286091,99.84840024,99.83868539,99.86842289,99.8790021,99.8902188,99.89595049,99.91457685,99.92768498,99.94149834,99.51859597,99.69185864,99.83118039,99.90148664
"Hong Kong SAR, China",HKG,100,100,100,100,100,100,100,100,100,100,100,100,100,100,100,100,100,100,100,100,100,100,100,100,100
Honduras,HND,44.8305397,38.25958633,36.95126343,38.759655,40.63130951,43.25784683,46.43804932,49.64799118,54.33935165,57.63118362,61.81716156,63.39590836,66.69269562,73.40605927,76.53886414,79.01152802,82.1266861,71.84864044,81.88526917,80.31062317,83.68605804,40.36865244,45.07467766,68.37013779,79.03654938
Heavily indebted poor countries (HIPC),HPC,,,,7.59688869,7.502305815,7.324064992,9.995227121,9.754671176,11.26180499,13.98969105,15.01656714,13.91069133,17.3833094,17.89869531,19.93596026,17.94303191,25.99390578,26.37127097,28.7568991,29.80992995,29.95570449,,9.632093405,16.82904469,25.77500754
Croatia,HRV,100,100,100,100,100,100,100,100,100,100,100,100,100,100,100,100,100,100,100,100,100,100,100,100,100
Haiti,HTI,7.055272579,13.18568707,9.963364601,18.73468208,8.65642643,8.371182442,6.83885622,7.696460724,7.318070889,6.929345131,6.534603119,5.667969704,3.918405056,3.007145882,2.262870312,2.540935993,,3.062305212,2.972567558,2.649715185,2.200197458,10.72934366,9.474934816,4.278198814,2.806380987
Hungary,HUN,100,100,100,100,100,100,100,100,100,100,100,100,100,100,100,100,100,100,100,100,100,100,100,100,100
IBRD only,IBD,74.70674202,73.7605547,76.87747145,77.47205567,78.19042256,79.16678352,79.96225328,81.52928856,82.42457332,83.63996216,85.12135844,80.50766166,87.13382225,88.33656357,89.37396612,91.38093411,92.45135553,94.30142317,96.05719288,97.49578734,98.4568139,,78.77301072,86.09467441,94.33733861
IDA & IBRD total,IBT,63.58244175,63.62994346,66.26938201,65.01804288,64.60335434,65.59320715,66.56300206,66.36462764,67.98934145,69.92445103,70.10987679,67.07036738,72.41171985,72.97769566,73.11766739,74.26214564,76.70441026,80.227549,82.14866083,83.25683048,81.60472017,,65.95377938,71.13746541,79.31991924
IDA total,IDA,24.10450885,26.50534035,27.81642588,26.39170691,24.79571953,25.88103818,28.5110544,26.68181053,29.28427028,31.74243938,30.28805954,32.47197932,34.93911075,35.31443268,34.80585775,35.71996134,41.3230392,45.57751536,47.63093726,48.31309438,47.36335956,26.23322902,27.17143143,33.56388801,43.71290951
IDA blend,IDB,38.52465675,38.23419246,38.53975594,41.78490544,39.42836582,39.60046455,39.97674886,40.34180579,41.0210277,39.43243631,38.54684359,43.38452434,42.89828083,44.26716261,42.1693821,42.45055062,47.0841455,53.05231566,56.16098108,59.21874691,49.93428057,39.2510647,39.68843596,42.2532387,51.59334795
Indonesia,IDN,79.63506317,79.18019104,81.15171814,79.84106445,82.90762329,75.14001465,85.04682159,84.66716766,88.17434692,88.38217163,89.35652161,90.2011261,92.63239288,92.99420166,93.97624969,94.91776276,95.06200409,96.03035736,96.8134079,97.52716827,93.48823547,54.96804784,82.41261826,91.83209839,96.07014008
IDA only,IDX,15.72710742,18.8813098,20.77759848,18.28589915,17.53570009,18.90223992,22.77889318,20.42469534,23.58815809,27.65235649,26.08152792,27.00167269,30.90413321,30.9019794,31.28790452,32.64905853,38.60922507,43.11981326,44.73275061,44.52989903,46.19204589,,20.4553958,29.23544355,40.7281493
Isle of Man,IMN,100,100,100,100,100,100,100,100,100,100,100,100,100,100,100,100,100,100,100,100,100,100,100,100,100
India,IND,47.23532486,43.48357773,51.47449875,53.53260803,53.63614655,57.7223053,57.32030106,61.93989944,64.07118225,65.70223236,68.37382507,56.08607864,72.40400696,75.21986389,77.58193207,83.36793518,84.76395416,88.76407623,93.9461441,96.0302124,98.46328735,41.66347592,55.61180763,69.93314133,89.37446442
Not classified,INX,,,,,,,,,,,,,,,,,,,,,,,,,
Ireland,IRL,100,100,100,100,100,100,100,100,100,100,100,100,100,100,100,100,100,100,100,100,100,100,100,100,100
"Iran, Islamic Rep.",IRN,94.15985107,94.84570313,95.14739227,95.44239044,95.71887207,95.96755981,94.96237183,96.38098907,96.57936859,99.03188324,98.45371246,98.60444641,98.76399231,99.43858337,100,99.84986115,99.83686066,99.76567841,100,100,100,,95.82363815,99.05214691,99.89048004
Iraq,IRQ,91.58739471,92.06867218,92.53040314,92.96477509,93.36389923,93.71974945,93.38146973,95.16597748,94.5773468,94.85871887,95.16310883,93.49212646,98.41415405,96.49727631,97.12730408,97.8588562,98.68229675,99.56958008,99.90000153,99.97273254,100,,93.42184067,96.13879395,99.19669342
Iceland,ISL,100,100,100,100,100,100,100,100,100,100,100,100,100,100,100,100,100,100,100,100,100,100,100,100,100
Israel,ISR,100,100,100,100,100,100,100,100,100,100,100,100,100,100,100,100,100,100,100,100,100,100,100,100,100
Italy,ITA,100,100,100,100,100,100,100,100,100,100,100,100,100,100,100,100,100,100,100,100,100,100,100,100,100
Jamaica,JAM,77.30646515,82.26560211,80.16178131,80.23155975,81.18388367,82.11741638,83.03066254,83.93326569,83.41559601,85.75367737,88.01739502,84.48249054,88.11830139,90.68543243,89.15355682,91.13658142,93.3680191,94.88386536,96.62740326,98.56327057,100,71.92062622,81.939991,88.09143524,94.91582794
Jordan,JOR,96.33466339,96.67051697,98.77851105,97.23889923,97.90441895,97.46433258,100,97.86550903,100,98.27303314,100,98.24412537,99.5,97.57793427,97.59455872,98.97170258,99.56629944,100,98.89147949,100,98.8347702,93.77311349,98.05298843,98.58332367,99.4858963
Japan,JPN,100,100,100,100,100,100,100,100,100,100,100,100,100,100,100,100,100,100,100,100,100,100,100,100,100
Kazakhstan,KAZ,98.99765015,99.47057343,99.66860962,99.81686401,99.90827942,100,99.68573761,100,100,100,100,99.5713501,100,100,100,100,100,100,100,100,100,97.80620228,99.75477142,99.91427002,100
Kenya,KEN,6.511404037,8.271901131,10.020854,6.937337399,13.48801994,15.20899582,16.92241096,18.63225174,20.34333038,10.14352512,7.172247887,25.5358448,27.30020332,29.08792877,25.07232857,29.00258636,42.07792664,45.88040543,51.61517715,61.69374084,62.67134094,4.151785123,12.64800305,22.83371067,46.05396729
Kyrgyz Republic,KGZ,99.58572388,99.57836914,100,99.5304718,99.48964691,99.25952148,99.097229,99.51273346,99.58087921,99.5109024,98.92359924,97.78409576,99.80000305,98.91898346,99.74463654,98.70671082,99.81100464,100,100,99.96669769,100,99.5338141,99.51454773,99.03426361,99.69688263
Cambodia,KHM,6.555241585,2.975697279,6.824570656,7.656021118,14.51607895,9.516452789,22.20695305,26.05882072,11.6540451,33.63572311,15.77243519,39.03585815,43.17752838,47.41254807,44.72675323,56.12107849,61.70982742,86.08934021,75.4940567,79.96975708,82.91397858,10.28216297,14.15996044,38.0250246,71.87681198
Kiribati,KIR,26.0817318,28.95483589,32.41083908,35.85488129,39.2862854,51.20897293,50.78548813,48.55202484,51.45832062,42.96850967,39.40710068,60.90193558,64.34775543,68.58805084,77.62754059,92.95679474,96.9907608,82.86435699,87.06604767,91.61837006,96.43689728,,40.75618896,62.17447662,90.29926605
St. Kitts and Nevis,KNA,93.23101044,90.66310883,94.06149292,94.45645905,94.83930206,95.21051788,95.57160187,95.92832184,96.28730774,96.65524292,99.90371704,100,100,100,100,100,100,100,100,100,100,89.5972143,94.69043655,99.98074341,100
"Korea, Rep.",KOR,100,100,100,100,100,100,100,100,100,100,100,100,100,100,100,100,100,100,100,100,100,99.93189661,100,100,100
Kuwait,KWT,100,100,100,100,100,100,100,100,100,100,100,100,100,100,100,100,100,100,100,100,100,100,100,100,100
Latin America & Caribbean (excluding high income),LAC,70.30602423,73.26062817,73.70121658,74.75245919,75.22882419,76.35621683,78.31118485,78.97138821,81.32145342,81.67495009,83.16075013,84.28459368,85.55057983,86.56790317,87.15803912,88.46656413,93.14330158,90.08191958,90.16682518,91.24826611,93.20754869,65.71542901,76.38843458,85.34437318,90.62137532
Lao PDR,LAO,27.4061451,30.08078575,30.50942039,31.55671501,38.32268524,44.13232422,42.79652405,38.18781662,52.59106445,54.97565079,58.53994751,57.91859818,66.78569794,71.10146332,76.02278137,85.6909256,86.42371368,90.51048279,96.88967896,98.78498077,100,17.53679522,39.05591316,66.07369766,91.65995636
Lebanon,LBN,100,100,100,100,100,99.30227661,98.76174164,86.48218536,99.22827911,95.36907196,96.44720459,99.19959259,96.0287323,95.86825562,95.7049942,96.49550629,97.66170502,98.96144867,97.37003326,99.77645111,100,,97.91435547,96.64975586,98.05302887
Liberia,LBR,,,,,,,,,,,0.993523002,1.216251969,2.605492353,3.462627888,4.128696918,5.074527264,4.062144756,7.439124584,7.805598259,8.272083282,8.358771324,,,2.481318426,6.530695629
Libya,LBY,99.15300751,88.11077881,80.54479218,72.90126801,65.18448639,57.37473297,49.44306946,41.38130951,33.18641663,24.8583889,16.3943119,7.791062832,,,,,,,,,,,61.21382504,12.09268737,
St. Lucia,LCA,87.02092743,87.62721252,88.59559631,89.37291718,90.11416626,90.82305145,91.50468445,92.1661911,92.81478119,93.45689392,94.06342316,94.74482727,95.62075043,96.11380768,96.77333069,97.42027283,98.0343399,98.68276215,99.32089996,100,100,,90.34964218,95.46322784,98.69165497
Latin America & Caribbean,LCN,71.15168784,74.07914358,74.55621166,75.06138282,75.98123843,77.03425151,79.16618266,79.58200507,81.81003506,82.30468988,83.69043906,84.73385082,86.06458154,87.00992207,87.79666506,89.03965156,93.27673571,90.38711488,90.6677361,91.71424009,93.57073866,66.62288742,77.07268285,85.85909171,91.01709567
Least developed countries: UN classification,LDC,11.33209308,14.50233781,,14.43892985,13.84674204,15.42853409,18.81477136,17.22372027,19.98003564,24.41100401,22.28855666,23.87160139,28.5581266,27.82736059,28.05161384,29.35251689,36.00183081,40.95979795,41.97047232,42.18131059,44.08122431,,16.66424091,26.11945182,38.09318571
Low income,LIC,,,,8.797072166,8.445281556,8.763427507,10.96208118,10.71270223,12.26917007,14.65529013,15.9082032,15.42250894,19.40903053,20.38021695,20.43938588,18.18195169,26.23020217,28.00690042,27.99956052,30.49485065,30.33816137,,10.65786069,18.3118691,26.18269309
Liechtenstein,LIE,100,100,100,100,100,100,100,100,100,100,100,100,100,100,100,100,100,100,100,100,100,100,100,100,100
Sri Lanka,LKA,66.13384247,58.71826553,78.31791687,71.49154663,73.26207733,75.02739716,79.28594208,76.57936859,80.31835175,85.18900299,83.00431061,85.74048615,84.61772919,88.46478271,91.2687149,93.16890717,97.16376495,96.94181824,99.46625519,99.70345306,100,,74.43237114,86.61920471,97.28883972
Lower middle income,LMC,48.73151739,47.22788933,51.87147574,53.48930381,53.96144831,55.55844677,57.30714937,59.10418176,60.95258616,63.45178848,63.58442819,59.12573452,67.55677557,69.23768753,70.41157874,74.12260149,76.54450355,82.2083944,85.3215036,87.30674683,85.70566442,41.34375389,55.16557871,65.98324091,81.10074997
Low & middle income,LMY,63.21828337,63.25775484,65.92270035,64.69580992,64.26237246,65.26317457,66.23302855,66.04737427,67.6883428,69.48985721,69.69875391,66.65473302,72.03556625,72.62288865,72.76691052,73.9380742,76.40967138,79.9599056,81.90239321,83.02675396,81.38861862,,65.60786983,70.75577047,79.04735967
Lesotho,LSO,1.988833308,,,,1.426981926,3.744669199,2.66065383,6.952122211,8.542773247,8.592907906,4.399670124,10.59971905,7.189227104,14.66343594,15.64839935,19.62520981,23.31979179,20.21677589,,32.45329285,34.93008804,,4.844134518,10.50009031,23.90376759
Late-demographic dividend,LTE,92.2916195,93.48764152,94.04106446,94.37531097,94.72397907,95.52542987,96.69428421,96.00474893,96.52747143,96.72475216,97.66876402,98.16694761,98.32383984,98.64370175,98.68298592,98.98425706,99.07871279,99.28620465,99.30740234,99.39594166,99.60396632,,95.03963021,98.29724783,99.2105037
Lithuania,LTU,100,100,100,100,100,100,100,100,100,100,100,100,100,100,100,100,100,100,100,100,100,100,100,100,100
Luxembourg,LUX,100,100,100,100,100,100,100,100,100,100,100,100,100,100,100,100,100,100,100,100,100,100,100,100,100
Latvia,LVA,100,100,100,100,100,100,100,100,100,100,100,100,100,100,100,100,100,100,100,100,100,100,100,100,100
"Macao SAR, China",MAC,100,100,100,100,100,100,100,100,100,100,100,100,100,100,100,100,100,100,100,100,100,100,100,100,100
St. Martin (French part),MAF,,,,,,,,,,,100,100,100,100,100,100,100,100,100,100,100,,,100,100
Morocco,MAR,36.52217865,45.90247726,49.0134201,52.14686203,58.44160843,58.30217361,93.02327728,64.3694458,67.49723053,70.70931244,86.76612854,87.85744476,88.95102692,94.9779129,86.14202881,94.48661804,95.41801453,100,96.10400391,98.9278183,100,27.75845766,59.59279861,88.93890839,96.98729095
Monaco,MCO,100,100,100,100,100,100,100,100,100,100,100,100,100,100,100,100,100,100,100,100,100,100,100,100,100
Moldova,MDA,100,100,100,100,100,100,100,100,100,100,100,100,100,100,100,100,100,100,100,100,100,100,100,100,100
Madagascar,MDG,,4.507063389,,7.739965439,0.945336401,1.009644628,1.044042706,1.05286622,1.039383292,,,,,,0.868311644,0.855837643,,,,,10.89848518,1.183102516,2.476900297,0.868311644,0.855837643
Maldives,MDV,77.87589264,82.71617889,83.68811035,84.67804718,85.68787384,86.72039032,87.81987,89.05164337,90.3004303,99.90000153,98.87995148,99.01026917,99.1280899,99.21844482,100,99.53269958,100,99.86495972,100,100,100,,86.84384384,99.24735107,99.87953186
Middle East & North Africa,MEA,82.92438999,83.99311289,83.63770825,85.45233253,85.06607443,86.52165186,90.48588173,86.60991828,87.6086411,87.78884263,89.39967915,89.32553228,89.03800322,93.401706,91.19560161,92.26392089,92.88995519,95.35117531,97.63177867,93.89546756,94.14930517,,86.00885537,90.47210445,94.40645952
Mexico,MEX,93.79899597,90.66654205,92.91325378,91.69069672,96.08890533,96.76557922,97.1754837,93.22797394,96.16147614,93.8457489,97.59918213,96.91613007,97.15698242,96.7493515,97.42693329,97.85177612,98.33106995,100,98.28820801,98.23820496,97.72412872,85.99262173,94.23346558,97.16971588,98.54185181
Marshall Islands,MHL,23.16329193,26.2645607,29.45178986,32.7205658,36.06208038,39.46944427,42.9417572,22.35868645,50.15787125,53.9628067,80.42238617,82.56948853,83.03427887,84.26603699,85.66266632,87.39433289,89.27409363,91.31256104,97.01740265,100,100,25.09559321,35.65528545,83.19097137,92.99967804
Middle income,MIC,66.28727675,65.52839862,68.33192073,69.21354684,69.44350503,70.36053609,71.52127333,72.48994805,73.59024954,75.38810848,75.43885975,72.4301773,77.98818166,78.99128525,79.66265808,82.03492293,83.59916076,87.61601299,89.60537437,90.98149195,89.67684414,,70.21547635,76.90223241,86.7673926
North Macedonia,MKD,100,100,100,100,100,100,100,100,100,100,100,100,100,100,100,100,100,100,100,100,100,100,100,100,100
Mali,MLI,,,1.786001205,2.561556339,3.272614956,3.918870449,1.544831157,5.003510475,5.446723938,5.653705597,,1.157399178,,3.219300508,4.424630165,7.278042316,8.359609604,,,15.0308876,16.48730469,0.831307182,3.648476765,2.933776617,10.22284651
Malta,MLT,100,100,100,100,100,100,100,100,100,100,100,100,100,100,100,100,100,100,100,100,100,100,100,100,100
Myanmar,MMR,26.82949066,28.03510284,33.3077507,30.42738533,31.61439705,32.79595184,33.97406006,35.15290451,36.33840942,37.53731537,32.4718399,39.96972656,41.19823456,42.51583862,37.88095093,47.60191727,39.80994034,59.91913605,54.82275009,57.58167648,60.15991592,,32.60127678,38.80731812,51.94708405
Middle East & North Africa (excluding high income),MNA,82.0830144,83.20152233,82.8216725,84.71835322,84.30212396,85.82028975,89.98049682,85.88263478,86.92069112,87.09710027,88.78938643,88.70578843,88.39329435,93.01364467,90.67899903,91.81109132,92.47558247,95.0814432,97.4763448,93.54762598,93.81954612,,85.28278991,89.91622258,94.07841756
Montenegro,MNE,100,100,100,100,100,100,100,100,100,100,100,100,100,100,100,100,100,100,100,100,100,100,100,100,100
Mongolia,MNG,27.59946251,34.81298828,36.11151886,40.94666672,38.8910675,66.70497894,41.9251709,43.55260849,45.28227997,47.14903259,41.883564,25.17788696,55.86421204,45.76726151,63.44257736,67.36197662,71.54142761,78.58685303,94.62948608,91.87802124,94.59519196,,42.29757748,46.42710037,80.79955292
Northern Mariana Islands,MNP,100,100,100,100,100,100,100,100,100,100,100,100,100,100,100,100,100,100,100,100,100,99.97907935,100,100,100
Mozambique,MOZ,,,,0.981695294,1.177523136,1.655030012,2.112836599,1.455424309,2.285741568,2.180848837,1.217140436,3.808347225,2.270003557,2.808546305,2.666223526,0.92683059,4.795017242,4.415099144,7.99328804,5.092288017,4.468690872,,1.692728536,2.55405221,4.644504607
Mauritania,MRT,2.587254286,4.900044441,3.419983625,3.618264675,3.740189552,1.177813172,3.74029541,3.843784094,3.905941963,3.133929968,,,,,,,,,,,,,3.406750119,,
Mauritius,MUS,98.25571442,98.76854706,98.95748138,98.7538681,98.73294067,98.69664764,98.64589691,98.58802032,98.53194427,98.48638153,99.72930145,99.47260284,99.40592194,99.26426697,99.20085144,99.18751526,99.40240479,99.61000061,99.3113327,100,99.83576202,98.51309306,98.64174423,99.41458893,99.50225067
Malawi,MWI,0.710772693,1.229733944,1.483092546,0.792392671,2.799839735,2.195032597,,2.647980213,2.877984047,3.111295223,3.914738655,2.953856707,1.821813345,3.756150007,5.321634769,3.412200212,4.871583939,3.709447145,11.41963768,4.087883949,6.611880302,0.75564123,1.983124852,3.553638697,5.500150585
Malaysia,MYS,98.57909393,98.65568542,98.71905518,98.76205444,98.77610016,98.75100708,98.67922974,98.57105255,98.44341278,97.89498901,98.57242584,98.65398407,99.53931427,98.75106049,98.77177429,99.16844177,99.60254669,99.80647278,99.96762085,100,100,,98.58316803,98.85771179,99.70901642
North America,NAC,100,100,100,100,100,100,100,100,100,100,100,100,100,100,100,100,100,100,100,100,100,100,100,100,100
Namibia,NAM,18.93174934,18.47087479,19.17340279,19.82143593,20.46287918,21.10092926,21.73329353,22.39007378,23.00873184,20.65490341,24.36051941,21.63671684,25.84625435,27.30824471,27.543396,31.28548431,31.63595581,31.61014557,33.59661484,35.00444794,36.28802872,13.01459231,20.57482738,25.33902626,32.62652969
New Caledonia,NCL,100,100,100,100,100,100,100,100,100,100,100,100,100,100,100,100,100,100,100,100,100,99.9225342,100,100,100
Niger,NER,,2.000016689,2.379897833,2.752042532,3.118376493,,1.952750683,4.20147419,4.568824768,4.945783615,3.633500338,5.47433424,5.228654385,6.672913551,7.69260025,8.14216423,9.181882858,9.848162651,11.69820213,12.81104088,13.4411478,1.218461694,3.23989585,5.740400553,10.33629055
Nigeria,NGA,21.27296829,21.67316628,22.06422615,32.70026779,22.82047462,23.18641853,23.54319191,25.27853966,25.62129784,24.62786674,23.53672981,31.01918602,27.72878647,31.63459396,27.36849022,25.90397263,33.97045898,,,,24.57690811,16.28566428,24.27884178,28.2575573,29.93721581
Nicaragua,NIC,47.20875931,47.8595047,48.6113205,49.29079056,49.95052338,46.39040756,51.14583206,51.69555664,52.24295425,51.67721176,53.39016724,53.89535904,55.18566132,57.31583786,59.27267838,61.93531418,64.60741425,67.07535553,69.21110535,71.13448334,72.93690491,44.5184626,49.60728607,55.81194077,66.79273453
Netherlands,NLD,100,100,100,100,100,100,100,100,100,100,100,100,100,100,100,100,100,100,100,100,100,100,100,100,100
Norway,NOR,100,100,100,100,100,100,100,100,100,100,100,100,100,100,100,100,100,100,100,100,100,100,100,100,100
Nepal,NPL,20.37789345,14.6972456,27.53074265,31.22074699,28.45144463,38.64234161,44.08518982,46.13613892,49.92077637,53.73745346,63.18069839,61.71845245,70.60831451,73.55233765,82.0555191,79.64431763,89.81199646,86.00415039,93.46990967,,88.78601837,12.308481,35.47999735,70.22306442,87.23259354
Nauru,NRU,,,,,,,,,,,,,,,,100,,,,100,100,,,,100
New Zealand,NZL,100,100,100,100,100,100,100,100,100,100,100,100,100,100,100,100,100,100,100,100,100,100,100,100,100
OECD members,OED,98.74330159,98.84002246,98.60334872,98.58012429,98.93149275,99.19143881,99.13989682,98.73578654,99.0759476,98.80849193,99.24304011,99.14847692,99.25276452,99.32622384,99.38412183,99.49090442,99.57457385,99.73321878,99.5657386,99.78098907,99.78198395,97.87230121,98.86498515,99.27092544,99.62908494
Oman,OMN,100,100,100,100,100,100,100,100,100,100,100,100,100,100,100,100,100,100,100,100,100,100,100,100,100
Other small states,OSS,32.26593599,40.03691875,38.96908081,40.33780837,36.36041906,37.59996939,35.74286923,40.8270114,42.02725438,41.68773605,40.93907706,43.61285621,44.57903809,46.55740466,47.30775769,49.32500632,51.52138262,53.22143793,61.51245863,58.78571606,58.25142219,,38.58550034,44.59922674,54.87320031
Pakistan,PAK,58.78635025,58.61860275,58.43637466,58.24063492,58.03065872,57.80670929,57.56908417,57.32328033,57.07678604,56.8366127,56.60936737,56.40234756,56.22307587,56.07834244,55.96378708,55.87406921,55.80377197,54.27254868,57.1264267,59.0182457,60.81752396,59.22863382,57.87250938,56.25538406,56.41901245
Panama,PAN,55.42343521,55.34299469,56.89310455,71.60984802,59.98876953,61.52331161,63.04414368,64.56498718,66.10132599,67.67218018,64.70687866,70.84754181,72.64538574,71.19973755,76.64055634,78.72315216,80.89224243,82.08518982,85.45250702,87.82511902,90.24843597,48.43978315,62.21641006,71.20802002,82.99564209
Peru,PER,11.08939457,16.09575081,19.45957756,18.49724388,20.89769745,24.63243294,31.05124664,38.68920135,45.41755676,50.95977402,55.63323593,61.30207443,66.16682434,69.90501404,72.76750183,76.69268799,77.97483826,80.49784851,81.79998016,82.94782257,96.82907104,11.21416631,27.6789876,65.15493011,79.9826355
Philippines,PHL,61.69506454,63.39808655,65.08398438,63.54471588,84.50295258,70.02443695,70.01034546,73.22177887,74.63317108,76.13589478,78.32725525,81.18940735,80.69743347,81.89969635,84.5721283,83.19497681,88.13866425,90.02317047,91.82621002,93.70012665,95.58786774,53.55742266,70.22504311,81.33718414,89.37662964
Palau,PLW,95.98493195,96.24536896,96.47960663,96.67958069,96.7613678,96.98565674,96.78232574,96.72497559,96.64710999,96.57332611,96.53089905,96.55112457,94.87597656,96.91671753,99.15633392,97.79515839,100,100,100,100,100,93.15123897,96.58642502,96.80621033,99.55903168
Papua New Guinea,PNG,,1.755274415,4.280210972,6.797584534,9.309714317,11.81694603,5.034245968,16.82850075,19.34041214,9.344491005,11.76172733,26.93311691,29.44659805,31.99609184,34.58221054,37.65156555,44.91242218,50.45885849,51.78337097,56.13419724,56.8271637,2.588258412,9.389708903,26.94394894,48.18808289
Poland,POL,100,100,100,100,100,100,100,100,100,100,100,100,100,100,100,100,100,100,100,100,100,100,100,100,100
Pre-demographic dividend,PRE,12.79045157,13.46918556,13.62502215,15.62526061,12.79234081,14.20067993,14.62007691,14.22766606,15.54802201,17.17888684,16.25793236,19.55128919,21.51020054,21.69083496,22.77150139,19.91189914,26.93205208,26.65409615,28.80492249,30.69971012,28.83727009,,14.40775925,20.35635169,26.60053599
Puerto Rico,PRI,100,100,100,100,100,100,100,100,100,100,100,100,100,100,100,100,100,100,100,100,100,99.96445522,100,100,100
"Korea, Dem. People's Rep.",PRK,,,,,,,,,,26,31.15771866,35.31798553,38.00649261,42.31064224,45.12058258,49.55852509,52.4707756,55.42105484,60.02822876,63.05318832,67.18471527,,26,38.38268433,56.10635452
Portugal,PRT,100,100,100,100,100,100,100,100,100,100,100,100,100,100,100,100,100,100,100,100,100,100,100,100,100
Paraguay,PRY,79.191185,82.29297638,83.72616577,85.61116791,87.50036621,89.64357758,94.28484344,93.12618256,93.3766098,94.74184418,94.42690277,96.29149628,95.14150238,97.87322235,97.72895813,98.5827179,96.05127716,98.50801086,99.1190567,99.37535858,100,71.70502475,88.34949188,96.29241638,98.32728424
West Bank and Gaza,PSE,99.18650818,99.09999847,98.11816406,97.50805664,98.96348572,99.05757904,99.42580414,96.45932007,99.51971436,99.90000153,99.90000153,99.00319672,99.3816452,99.67450714,100,99.59596252,100,99.07032776,100,100,100,94.33437647,98.72386322,99.59187012,99.73325806
Pacific island small states,PSS,53.9362029,55.55692942,42.31142826,43.71043371,45.05034395,47.26534902,46.0483357,68.12852826,53.1341839,49.84879417,58.02650916,59.93217592,61.94887649,61.61921675,67.3896633,71.35163668,74.03270246,75.30959314,78.67676712,80.62995876,82.93057085,41.25303253,50.49905293,61.78328833,76.00013163
Post-demographic dividend,PST,99.86026482,99.8299133,99.79517446,99.84218175,99.84807156,99.85422532,99.85937957,99.86431332,99.86924987,99.87369903,99.87925038,99.88409934,99.89477502,99.90469661,99.91634055,99.9294553,99.94364421,99.958507,99.97387106,99.9932459,100,99.9960758,99.8496473,99.89583238,99.9597447
French Polynesia,PYF,100,100,100,100,100,100,100,100,100,100,100,100,100,100,100,100,100,100,100,100,100,100,100,100,100
Qatar,QAT,100,100,100,100,100,100,100,100,100,100,100,100,100,100,100,100,100,100,100,100,100,100,100,100,100
Romania,ROU,100,100,100,100,100,100,100,100,100,100,100,100,100,100,100,100,100,100,100,100,100,100,100,100,100
Russian Federation,RUS,100,100,100,100,100,100,100,100,100,100,100,100,100,100,100,100,100,100,100,100,100,100,100,100,100
Rwanda,RWA,,,,0.536980391,1.689702749,0.668072402,3.982355833,5.128610134,1.497532487,7.441511631,2.605605364,1.13419199,7.279980659,5.752467632,9.17429924,12.53564453,18.9649868,23.62353134,27.11992836,30.39999771,38.19730759,,2.992109375,5.189308977,22.52881775
South Asia,SAS,45.07837322,42.42893972,49.41999472,51.25170108,50.48776645,54.14186691,55.01768093,57.88892508,60.62540979,62.39690229,63.95967549,55.21428554,69.03975818,70.69248713,73.15935322,78.47133026,80.53675462,84.58309896,89.51291729,91.21000147,93.67335654,38.44412027,52.87375602,66.41311191,84.86282052
Saudi Arabia,SAU,100,100,100,100,100,100,100,100,100,100,100,100,100,100,100,100,100,100,100,100,100,100,100,100,100
Sudan,SDN,4.496281147,13.71499157,14.06906605,14.41295147,14.74666214,15.07018852,15.38464832,15.69573212,7.31885004,14.72093964,20.96687508,22.98290062,25.00610733,27.05709839,28.94737434,31.35278702,33.62661362,35.8157196,37.76268387,39.51352692,41.16373444,12.73074581,12.9630311,24.99207115,35.6142662
Senegal,SEN,12.81024265,15.10271454,11.25069809,18.61032677,8.647258759,23.26792717,25.3720665,24.79218674,26.33426666,30.61137962,35.1605072,31.71886826,32.56900024,31.78064537,41.01495361,38.13573074,44.50024033,35.37255096,41.42455292,47.82384109,47.3575325,6.51236304,19.67990675,34.44879494,41.45138321
Singapore,SGP,100,100,100,100,100,100,100,100,100,100,100,100,100,100,100,100,100,100,100,100,100,100,100,100,100
Solomon Islands,SLB,,,0.519095242,3.658045769,6.810538292,9.97932148,3.946062088,,19.61422539,8.978038788,27.10957527,31.62420654,36.1707077,40.41705322,45.33889008,51.50003433,55.07954788,60.41228867,63.96145248,68.03981781,72.04631042,8.474956093,7.643618149,36.13208656,59.79862823
Sierra Leone,SLE,,,,,9.72633934,,0.602241993,0.719745755,,0.915453494,,,1.226030707,,1.522596598,1.693333149,1.640348673,5.351365089,6.431514263,1.500839949,4.774038792,,2.990945145,1.374313653,3.323480225
El Salvador,SLV,67.91777039,72.3205719,72.95193481,72.31822205,73.02758026,73.1714859,76.05452728,81.03427124,81.38376617,81.09038544,81.5556488,83.40627289,85.1515274,89.25760651,89.23331451,89.41914368,90.26412964,91.34117126,92.62358093,93.62313843,100,56.76434224,75.12705154,85.72087402,91.45423279
San Marino,SMR,100,100,100,100,100,100,100,100,100,100,100,100,100,100,100,100,100,100,100,100,100,100,100,100,100
Somalia,SOM,,,,,2.322304487,4.595675468,1.737560272,10.62835884,12.54150391,14.41603756,43.09976196,41.67136383,40.68092346,39.72333527,38.83153152,38.02414703,37.27137375,38.28018188,35.22462845,,32.2634697,,7.706906756,40.80138321,37.20008278
Serbia,SRB,100,100,100,100,100,100,100,100,100,100,100,100,100,100,100,100,100,100,100,100,100,100,100,100,100
Sub-Saharan Africa (excluding high income),SSA,11.75459362,13.99821726,15.0442021,14.44543828,13.23531286,13.11736576,14.67203333,14.46450992,15.49990826,16.89751173,16.94533869,18.72386241,19.56480442,20.53056794,19.57757408,18.64814407,25.5552711,24.86295482,27.11767758,29.19282496,28.68181457,,14.31290931,19.06842951,25.0753745
South Sudan,SSD,,,,,,,,,,,0.956415951,0.948455215,1.421110749,1.920299411,2.443794012,2.987698078,3.548422575,2.904734135,4.681169987,5.114366055,5.563847542,,,1.538015068,3.847278166
Sub-Saharan Africa,SSF,11.76351443,14.00771733,15.05420685,14.45278234,13.2424528,13.12464184,14.67962596,14.47088135,15.50653333,16.90477947,16.9522545,18.73033175,19.57118947,20.53655946,19.58364003,18.65382931,25.56063075,24.8694625,27.12376258,29.19884021,28.68647325,,14.32071357,19.07479504,25.08130507
Small states,SST,44.41727744,52.50529233,50.41819166,51.52526894,47.86618233,49.19963242,47.27811937,53.34437649,53.21321985,52.81696909,52.81258708,54.74666156,55.96386673,57.57202605,58.52768998,60.52264773,62.55794998,64.34707771,71.74964063,69.29858889,68.80922586,,50.25845299,55.92456628,65.69518099
Sao Tome and Principe,STP,40.06114578,36.59065628,37.60881042,38.61141968,39.6170578,40.62577057,41.63199615,42.64637375,43.68526077,34.14197159,45.91883469,47.15942001,42.76665497,50.04776001,52.41332245,53.61856842,58.59276962,76.19552612,55.7416687,68.0662384,71.07750702,,39.52204628,47.66119843,62.44295425
Suriname,SUR,90.84423065,90.63673401,90.40834808,90.15238953,89.86164093,89.56003571,81.81567383,88.8527832,88.47934723,88.11840057,79.36968994,87.51191711,87.30400085,86.99633026,86.88918304,88.35015869,90.46509552,92.39762878,94.28579712,95.41397095,96.6882782,99.62406,88.87295837,85.61422424,92.18253021
Slovak Republic,SVK,100,100,100,100,100,100,100,100,100,100,100,100,100,100,100,100,100,100,100,100,100,100,100,100,100
Slovenia,SVN,100,100,100,100,100,100,100,100,100,100,100,100,100,100,100,100,100,100,100,100,100,100,100,100,100
Sweden,SWE,100,100,100,100,100,100,100,100,100,100,100,100,100,100,100,100,100,100,100,100,100,100,100,100,100
Eswatini,SWZ,10.18149281,18.42891693,16.60499763,19.79513359,22.97344398,26.13962173,27.28783989,32.42848969,35.43934631,28.85190201,39.79189682,44.66520309,48.25957108,51.8358345,59.27682495,58.97540283,58.05110931,69.75870514,69.53918457,72.69454956,75.75619507,,23.81311846,48.76586609,65.80379028
Sint Maarten (Dutch part),SXM,,,,,,,,,,,100,100,100,100,100,100,100,100,100,100,100,,,100,100
Seychelles,SYC,88.90874481,89.52036285,92.95690918,90.70677948,91.27716827,91.82922363,98.82302856,92.88716125,93.41410828,93.95597839,94.17942047,96.48349762,96.74872589,96.15267181,100,100,100,100,100,100,100,85.61088707,92.42794647,96.71286316,100
Syrian Arab Republic,SYR,87.27268982,86.54721069,72.23764801,85.01174927,84.1945343,83.34010315,99.20848083,81.558815,80.7270813,79.96082306,83.5585556,81.31819916,80.17696381,79.2492218,79.33091736,78.70970917,78.09654236,77.48590088,69.45765686,76.24828339,75.60992432,,84.00591354,80.72677155,75.99961853
Turks and Caicos Islands,TCA,72.29436493,66.08316803,66.94284058,67.91487885,68.93135834,69.96092224,70.9691925,71.9980545,73.10974884,100,100,100,100,100,100,100,100,100,100,100,100,62.75988379,72.82045288,100,100
Chad,TCD,1.29176569,1.411091805,1.520361185,1.620372415,,1.797195196,1.876743674,1.95509553,2.037690401,2.129387617,3.046522617,7.686966419,3.059357405,3.04797101,3.015375137,0.522862852,2.855069637,4.135591507,2.308083057,,1.994306445,1.039315333,1.737744835,3.971238518,2.455401763
East Asia & Pacific (IDA & IBRD countries),TEA,87.81186293,88.16069541,88.77101828,88.70632724,90.22968794,89.31270526,90.99410612,90.81861987,91.42349031,92.32297885,92.78025272,93.8342683,94.223809,94.45129747,94.541841,95.14196888,95.14765495,96.57415036,96.43379886,96.74411276,96.50397775,,89.85514922,93.9662937,96.00833716
Europe & Central Asia (IDA & IBRD countries),TEC,99.76721752,99.79856681,99.87119279,99.88284565,99.83943151,99.84586134,99.80960242,99.86058137,99.87046856,99.89818952,99.89904165,99.85517397,99.94180269,99.9158319,99.94374664,99.87996863,99.95997146,99.96862073,99.9707399,99.989784,100,99.77371762,99.84439575,99.91111937,99.95381695
Togo,TGO,6.38530159,5.48904705,6.634278297,7.749622822,8.834087372,9.887121201,7.402842999,11.90096855,12.8719492,13.83073807,9.334237099,16.25527382,15.58213711,16.907938,21.13548279,19.63789177,20.98321724,19.45705414,26.32275772,23.57167053,23.95788383,3.117388241,9.098595715,15.84301376,21.99451828
Thailand,THA,73.9577713,86.04935455,86.78269196,87.52972412,88.2914505,89.06956482,98.84363556,90.68362427,91.53684235,98.92298126,99.4656601,99.03691864,98.82440186,99.02616119,99.16355133,99.50881958,99.87406921,99.90000153,99.73018646,99.90000153,100,,89.16676407,99.10333862,99.78261566
Tajikistan,TJK,98.02519226,98.21022797,98.7470932,100,98.30645752,99.15570831,98.33146667,98.33952332,98.35198212,98.86245728,98.41305542,98.47314453,98.84703827,98.67879486,98.82567596,97.81748199,99.18683624,99.33695221,99.3372345,99.83033752,100,95.93287993,98.63301086,98.64754181,99.10176849
Turkmenistan,TKM,99.51511383,99.76071167,99.76660919,99.7582016,99.73353577,99.6905365,99.81639099,99.55617523,99.48223114,99.41716766,100,99.79880524,99.80283356,99.82579041,99.87041473,100,99.97949982,99.9923172,100,99.90000153,100,,99.64966736,99.85956879,99.97436371
Latin America & the Caribbean (IDA & IBRD countries),TLA,70.66096412,73.72325144,74.2780122,74.70352622,75.6329021,76.70045542,78.87686188,79.29341014,81.56983225,82.06657962,83.47725959,84.53513821,85.88513342,86.83658725,87.62250111,88.8742717,93.19407604,90.20597737,90.46770805,91.50816027,93.40147944,66.46880867,76.75057954,85.67132392,90.85003868
Timor-Leste,TLS,0.963157237,10.73786831,7.733276844,12.11883354,14.52365589,17.96133041,21.40742111,19.94581223,28.34371567,31.84596062,20.57829094,38.95036316,42.56598282,46.23178101,49.87841797,55.68824387,67.18117523,71.2666626,79.0807724,86.69058228,94.35543823,,16.55810319,39.64096718,71.98148727
Middle East & North Africa (IDA & IBRD countries),TMN,81.96967599,83.09529471,82.71859926,84.63143114,84.20164035,85.72873179,89.91456509,85.80818228,86.83110736,87.00524415,88.70900667,88.63088499,88.31220684,92.96431074,90.60975621,91.75302646,92.41927799,95.05153752,97.45463725,93.49882071,93.77261356,,85.19044721,89.84523309,94.03545999
Tonga,TON,82.36280823,83.25592804,84.14020538,85.01650238,85.88599396,86.74942017,90.6672287,88.46580505,89.32778168,90.20081329,91.09008026,90.59922791,91.3002243,93.9175415,94.91751099,100,96.53305817,97.91059113,98.89472961,97.921875,100,78.87676886,86.60724869,92.36491699,98.25205078
South Asia (IDA & IBRD),TSA,45.07837322,42.42893972,49.41999472,51.25170108,50.48776645,54.14186691,55.01768093,57.88892508,60.62540979,62.39690229,63.95967549,55.21428554,69.03975818,70.69248713,73.15935322,78.47133026,80.53675462,84.58309896,89.51291729,91.21000147,93.67335654,38.44412027,52.87375602,66.41311191,84.86282052
Sub-Saharan Africa (IDA & IBRD countries),TSS,11.76351443,14.00771733,15.05420685,14.45278234,13.2424528,13.12464184,14.67962596,14.47088135,15.50653333,16.90477947,16.9522545,18.73033175,19.57118947,20.53655946,19.58364003,18.65382931,25.56063075,24.8694625,27.12376258,29.19884021,28.68647325,,14.32071357,19.07479504,25.08130507
Trinidad and Tobago,TTO,80.24720001,93.09078979,93.58932495,94.08847046,94.58507538,95.04665375,100,100,100,100,100,100,100,100,100,100,100,100,100,100,100,,95.06475143,100,100
Tunisia,TUN,86.02853394,92.88262177,94.30110931,96.02376556,97.76280212,98.60565186,98.90528107,98.24515533,98.74909973,98.93212891,98.64037323,98.90934753,98.59338379,99.12910461,99.39455414,99.90000153,100,100,99.57798767,100,100,76.22307088,96.04361496,98.93335266,99.89559784
Turkiye,TUR,100,100,100,100,100,100,100,100,100,100,100,100,100,100,100,100,100,100,100,100,100,,100,100,100
Tuvalu,TUV,93.4730835,93.69676971,93.95124054,94.08811951,94.24077606,94.37233734,94.47940063,94.66244507,94.65016937,94.73503876,94.83486938,94.9291153,96.16578674,95.31429291,95.67151642,96.02503967,93.79042053,97.35319519,97.64504242,99.52812958,99.13632202,,94.23493805,95.38311615,96.86836548
Tanzania,TZA,2.005605698,2.652795792,3.280710697,3.249139071,2.609304667,4.743026257,5.169050694,5.570000172,1.041767836,,2.519728422,2.592143774,2.290904522,1.735447168,10.03742123,11.52748013,17.27067947,16.46170998,18.6188755,20.55729866,21.95284653,2.14585999,3.369044542,3.835129023,16.88720875
Uganda,UGA,1.510389209,2.272150517,1.966224551,4.121799946,4.964215279,0.710020244,2.078533888,7.428599834,8.23729229,1.855106592,3.468449593,4.464942455,11.52355576,2.803828955,11.90754223,9.046522141,17.69437599,23.14742851,32.54463577,31.79895592,32.83160782,1.460034834,3.514433235,6.833663797,22.84638367
Ukraine,UKR,100,100,100,100,100,100,100,100,100,100,100,100,100,100,100,100,100,100,100,100,100,100,100,100,100
Upper middle income,UMC,92.18617086,93.16857777,93.76681759,94.08194806,94.54037089,94.93868374,95.69756349,95.69174046,96.15729696,96.7330615,97.54398247,97.82726283,98.37099509,98.47350077,98.55898351,98.66130906,98.64451797,98.83834111,98.75177318,98.87353364,99.0172327,,94.69622313,98.15494493,98.75389499
Uruguay,URY,78.50675201,80.95240784,81.93157196,82.85551453,83.65888214,84.26196289,86.56796265,88.15590668,88.00192261,92.59274292,94.22943115,94.6044693,100,100,100,100,100,100,100,100,100,73.20901874,84.74856262,97.76678009,100
United States,USA,100,100,100,100,100,100,100,100,100,100,100,100,100,100,100,100,100,100,100,100,100,100,100,100,100
Uzbekistan,UZB,99.33424377,99.39770508,99.5220108,99.48059082,99.49915314,99.50707245,99.19995117,99.55626678,99.6175766,99.70301056,99.82238007,99.92106628,99.9792099,99.99769592,100,100,100,100,100,100,100,99.14926339,99.48175812,99.94407043,100
St. Vincent and the Grenadines,VCT,74.3899765,78.84661102,78.03365326,79.85899353,81.68467712,83.50899506,85.33198547,86.55622101,89.00847626,90.88330078,92.79754639,94.76316071,96.79264832,98.89582825,100,100,100,100,100,100,100,65.26523147,82.810289,96.64983673,100
"Venezuela, RB",VEN,91.86206055,99.17695618,99.80000305,67.13887787,95.39067841,93.37278748,96.88900757,93.13391876,92.90604401,92.69029999,93.03676605,90.75280762,93.50743866,93.76950073,100,100,94.93029022,93.23009491,99.24695587,99.80284119,100,91.44213941,92.23606339,94.21330261,97.44203644
British Virgin Islands,VGB,97.1881485,97.32663727,97.45352173,97.56768799,97.66772461,97.75209808,97.820755,97.88056946,97.94033051,98.00917816,97.64984131,98.03424072,98.17564392,98.39276886,98.72171783,100,100,100,100,100,100,95.05112064,97.66066513,98.19484253,100
Virgin Islands (U.S.),VIR,100,100,100,100,100,100,100,100,100,100,100,100,100,100,100,100,100,100,100,100,100,100,100,100,100
Vietnam,VNM,84.20442963,85.12757874,85.57245636,86.98223877,87.91604614,94.78694916,94.8011322,90.76005554,91.73643494,94.61694336,96.35902405,98.54904175,97.00138092,97.87874603,98.85342407,99.73003387,98.77844238,100,100,99.0532074,100,79.29409641,89.65042648,97.72832336,99.51233673
Vanuatu,VUT,6.748079777,8.615848541,10.48112774,12.34357452,14.20597649,16.06860924,9.236558914,17.80150223,21.68555641,17.55651855,31.72947121,27.71280861,29.84954834,13.7641201,36.17450714,39.89191437,46.58963776,52.93933487,51.04706192,54.39646912,57.65036392,2.941124068,13.47433524,27.84609108,48.97288361
World,WLD,66.23187092,66.26835654,68.68354641,67.42229976,66.98635983,67.89260433,68.77006557,68.53844925,70.05734886,71.74775062,71.90699799,69.06250403,74.05157079,74.5771272,74.70029389,75.75824657,78.05938272,81.39441581,83.20096694,84.2471326,82.65819605,,68.25986521,72.85969878,80.53202893
Samoa,WSM,84.97453308,85.882164,86.81424713,87.75061035,88.6740799,89.58611298,95.7874527,91.38620758,98.07417297,97.44153595,95.71137238,96.16957855,96.24183655,96.95266724,97.54473877,98.95269012,99.61690521,96.10476685,99.99411774,99.04576111,100,79.50250974,90.63711166,96.5240387,98.74284821
Kosovo,XKX,,,,,,,,,,,,,99.61000061,99.51000214,99.5,99.79000092,99.80000305,99.69999695,,100,,100,,99.54000092,99.82250023
"Yemen, Rep.",YEM,33.93299484,35.09857178,36.26483154,37.43429184,32.93897629,40.18714142,39.42030334,42.16017151,43.36985397,44.60333252,42.35927963,43.7539711,29.26478958,64.03333282,50.62494278,53.5731163,55.66996002,71.4414444,,60.67680359,61.94111633,29.02329225,38.54104691,46.00726318,60.34033108
South Africa,ZAF,54.60397339,49.24235153,64.09096527,66.28208923,73.4449234,72.83343506,72.16578674,74.99903107,74.27848053,75.60697937,75.90297699,77.2795105,81.42615509,80.73778534,82.28664398,80.19794464,75.74927521,76.73898315,77.16849518,77.61182404,75.26485443,41.68275988,67.75480156,79.52661438,77.49330444
Zambia,ZMB,2.074171782,5.7125144,2.170902729,1.941510916,4.655211926,6.782537937,6.981887341,0.632463813,7.318945885,7.472195148,3.959451437,7.781382084,7.951069832,8.137449265,4.17972517,4.697569847,9.963572502,13.99769688,12.46643639,14.26738071,14.01082516,2.891556251,4.574234188,6.401815557,11.07853127
Zimbabwe,ZWE,7.272541046,7.60102129,7.181255341,8.845042229,9.846710205,10.83047104,9.370756149,12.75723076,13.71360111,19.57489014,15.64667988,14.0800457,23.74674797,18.69828224,7.691811562,10.94931412,22.0870533,24.53108788,26.61712074,28.40487671,37.06024933,7.08873566,10.69935193,15.97271347,22.51789055
