Country Name,Country Code,_2000,_2001,_2002,_2003,_2004,_2005,_2006,_2007,_2008,_2009,_2010,_2011,_2012,_2013,_2014,_2015,_2016,_2017,_2018,_2019,_2020,90s,2000s,2010-14,2015-19
Aruba,ABW,91.66040039,100,100,100,100,100,100,100,100,100,93.35629272,100,100,100,100,100,100,100,100,100,100,99.75906982,99.16604004,98.67125854,100
Africa Eastern and Southern,AFE,19.81128305,19.90056899,21.52581195,22.47430904,23.78191837,23.48741496,24.76353792,26.76651776,25.93417948,26.1815568,27.55713714,29.08982683,31.8443844,31.79415999,32.00102678,33.87191046,38.88017322,40.2613576,43.06187695,44.27086048,45.80348523,,23.46270983,30.45730703,40.06923574
Afghanistan,AFG,1.613590956,4.074573994,9.409157753,14.73850632,20.06496811,25.39089394,30.71869087,36.05101013,42.40000153,46.74005127,42.70000076,43.2220192,69.09999847,68.29064941,89.5,71.5,97.69999695,97.69999695,96.61613464,97.69999695,97.69999695,,23.12014449,62.56253357,92.2432251
Africa Western and Central,AFW,34.15068684,35.26646112,35.76196703,39.87623729,37.5459599,37.84703616,39.83655929,40.78877885,41.74465763,41.81686069,41.79985796,45.91147398,44.16797335,47.04831616,47.59932279,46.76629436,50.95348668,48.86119122,51.25971164,51.29019299,52.111601,33.12205508,38.46352048,45.30538885,49.82617538
Angola,AGO,24.21274376,20,26.35211754,27.41277695,28.47055054,29.52778625,30.58689499,37.5,38.49000168,33.80218887,34.89563751,34.59999847,37.13132095,38.2780304,32,42,41.81312943,43.01325989,45.29000092,45.64279938,46.89060974,,29.63550606,35.38099747,43.55183792
Albania,ALB,100,100,100,100,100,100,100,100,100,100,100,100,99.90000153,100,99.94999695,99.98000336,99.88999939,99.88999939,100,100,100,100,100,99.96999969,99.95200043
Andorra,AND,100,100,100,100,100,100,100,100,100,100,100,100,100,100,100,100,100,100,100,100,100,100,100,100,100
Arab World,ARB,80.73614121,81.58623137,81.54022203,82.50815948,82.50368475,83.21298163,85.45900327,83.76443999,83.38698965,84.3134838,87.11486281,87.33266124,87.03958839,88.99261981,88.01535618,88.68188567,89.19506235,90.32465949,88.9107494,89.99994555,90.27773508,77.66683304,82.90113372,87.69901769,89.42246049
United Arab Emirates,ARE,100,100,100,100,100,100,100,100,100,100,100,100,100,100,100,100,100,100,100,100,100,100,100,100,100
Argentina,ARG,95.78328705,95.51106262,96.22886658,96.44263458,96.65350342,96.86384583,97.07605743,97.29279327,97.51675415,97.75065613,98.81999969,99.09535217,99.22998047,99.34267426,100,99.6253891,99.84957886,100,99.98957825,100,100,93.65833359,96.71194611,99.29760132,99.89290924
Armenia,ARM,98.90000153,100,98,99.19013214,99.18923187,99.80000305,99.18823242,99.1931839,99.20537567,99.22750092,99.80000305,99.60579681,99.62896729,99.41999817,99.70999908,100,99.80000305,99.69999695,99.90000153,100,100,,99.18936615,99.63295288,99.88000031
American Samoa,ASM,,,,,,,,,,,,,,,,,,,,,,,,,
Antigua and Barbuda,ATG,97.68926239,97.78525543,100,97.95682526,98.03710175,92.19999695,100,100,100,98.48127747,98.59723663,94.55201721,100,100,100,100,100,100,100,100,100,96.54755554,98.21497192,98.62985077,100
Australia,AUS,100,100,100,100,100,100,100,100,100,100,100,100,100,100,100,100,100,100,100,100,100,100,100,100,100
Austria,AUT,100,100,100,100,100,100,100,100,100,100,100,100,100,100,100,100,100,100,100,100,100,100,100,100,100
Azerbaijan,AZE,98.90822601,98.62180328,100,98.92746735,99.07479858,99.22159576,99.5,99.52345276,99.68386841,99.85422516,99.94379425,99.90000153,100,100,100,100,100,100,100,100,100,97,99.33154373,99.96875916,100
Burundi,BDI,2.463236809,2.797420025,3.124018431,3.445381641,3.763858795,3.207317114,2.660000086,4.725946426,4.800000191,5.399016857,5.300000191,6.122684002,6.5,6.900000095,7,8.427652359,9.348409653,9.300000191,10.88490868,11.35652828,11.73555565,2.985474658,3.638619637,6.364536858,9.863499832
Belgium,BEL,100,100,100,100,100,100,100,100,100,100,100,100,100,100,100,100,100,100,100,100,100,100,100,100,100
Benin,BEN,21.53108406,21.89999962,23.41592789,24.34932327,25.27983284,26.20980453,27.89999962,28.07801628,29.02161407,29.97515106,34.20000076,36.90000153,38.40000153,34.69121933,34.09999847,29.62000084,37.09524536,34.5,39.24691772,40.32868958,41.41095734,18.30748081,25.76607533,35.65824432,36.1581707
Burkina Faso,BFA,9.075019836,9.521351814,9.96009922,11.39999962,10.82423878,11.25432777,11.68628979,12.12277317,12.56648827,12.63000011,13.10000038,14.80841446,15.11799431,15.40564251,19.20000076,16.07697487,16.64105606,17.21404266,14.39999962,18.37485504,18.95723915,6.942526204,11.10405884,15.52641048,16.54138565
Bangladesh,BGD,32,35.03264618,37.8510704,40.66426086,40.59999847,44.22999954,50.52510071,46.5,54.73551559,57.56884766,55.25999832,59.59999847,66.15557098,61.5,62.40000153,74.90373993,75.91999817,88,91.80000305,92.19999695,96.19999695,19.2091265,43.97074394,60.98311386,84.56474762
Bulgaria,BGR,100,100,100,100,100,100,100,100,100,100,100,100,100,100,100,100,100,100,100,100,99.69999695,100,100,100,100
Bahrain,BHR,100,100,100,100,100,100,100,100,100,100,100,100,100,100,100,100,100,100,100,100,100,99.98928833,100,100,100
"Bahamas, The",BHS,100,100,100,100,100,100,100,100,100,100,100,100,100,100,100,100,100,100,100,100,100,100,100,100,100
Bosnia and Herzegovina,BIH,100,99.40000153,98.5,100,100,100,99.3872757,99.69999695,100,100,100,99.70578003,100,99.5,100,99.69999695,100,100,100,100,100,100,99.69872742,99.84115601,99.93999939
Belarus,BLR,100,100,100,100,100,100,100,100,100,100,100,100,100,100,100,100,100,100,100,100,100,100,100,100,100
Belize,BLZ,79,80.19696045,81.02941895,81.85663605,82.68097687,83.504776,90.98853302,85.1606369,85.99806213,86.84542847,89.91722107,91.68173218,90.99591827,91.18610382,91.36425781,91.80000305,93.22231293,94.18901062,91.72000122,92.72000122,97.11333466,74.42567698,83.72614288,91.02904663,92.73026581
Bermuda,BMU,100,100,100,100,100,100,100,100,100,100,100,100,100,100,100,100,100,100,100,100,100,100,100,100,100
Bolivia,BOL,69.96304321,69.25853729,63.99685669,72.30000305,75.94530487,68.28820801,76.21128082,80.15657043,84.67498779,86.76559448,87.88631439,88.33594513,90.38737488,89.5056839,90.03872681,91.52281952,91.80000305,91.80000305,92.80000305,95.08000183,97.55412292,66.25797237,74.75603867,89.23080902,92.6005661
Brazil,BRA,94.391716,96.01652527,96.65299225,96.98009491,96.7651062,97.09351349,97.59431458,98.12538147,98.52662659,98.85694122,98.59999847,99.32868958,99.5194931,99.57514954,99.65024567,99.71089935,99.69999695,99.80000305,99.69999695,99.80000305,100,91.56757525,97.1003212,99.33471527,99.74217987
Barbados,BRB,100,100,100,100,99.99674225,99.98045349,100,100,100,100,100,100,100,100,100,100,100,100,100,100,100,99.99763794,99.99771957,100,100
Brunei Darussalam,BRN,100,100,100,100,100,100,100,100,100,100,100,100,100,100,100,100,100,100,100,100,100,100,100,100,100
Bhutan,BTN,31.14999962,40.04513168,43.97887802,41.09999847,51.83301163,59.8081131,59.68505478,71.80000305,67.55525208,71.50389862,73.28291321,81.76708984,91.5,87.45114136,91.48351288,95.53071594,99.58979034,97.69999695,99.97436523,100,100,,53.8459341,85.09693146,98.55897369
Botswana,BWA,26.40897942,24.79999924,27,33.08310699,35.29891205,37.51417923,39.73131943,41.95298004,44.5,43.36000061,52.0177803,53.24000168,56.01881409,57.99192047,59.9529953,62.13000107,64.17505646,67.40000153,68.22926331,69.95973969,71.99475861,16.44330911,35.3649477,55.84430237,66.37881241
Central African Republic,CAF,6,5.736052036,6.177053928,6.612820148,7.04570055,7.47804451,7.805169106,8.350997925,7.480000019,9.252875328,9.800000191,10.24664783,10.8688612,11.46914101,12.05739689,12.7270298,13.53381634,14.29954147,14.84237576,14.30000019,15.46508408,3.858869934,7.193871355,10.88840942,13.94055271
Canada,CAN,100,100,100,100,100,100,100,100,100,100,100,100,100,100,100,100,100,100,100,100,100,100,100,100,100
Central Europe and the Baltics,CEB,100,100,100,100,100,100,100,100,100,100,100,100,100,100,100,100,99.82783441,100,100,100,99.97964003,100,100,100,99.96556688
Switzerland,CHE,100,100,100,100,100,100,100,100,100,100,100,100,100,100,100,100,100,100,100,100,100,100,100,100,100
Channel Islands,CHI,100,100,100,100,100,100,100,100,100,100,100,100,100,100,100,100,100,100,100,100,100,100,100,100,100
Chile,CHL,97.93869019,97.11580658,97.28368378,98.78232574,97.60608673,97.76531219,99.36811066,98.09201813,98.26486969,99.59365845,99.53839111,99.5881958,100,99.59999847,100,99.71484375,100,99.69999695,100,100,100,95.39414488,98.18105621,99.74531708,99.88296814
China,CHN,97.02179718,97.272789,97.51620483,97.75437927,97.9896698,98.22442627,98.46105194,98.70220184,98.95057678,99.20890045,99.69999695,99.84872437,99.96192932,99.9964447,100,100,100,100,100,100,100,,98.11019974,99.90141907,100
Cote d'Ivoire,CIV,48.68946838,49.65585709,51.40000153,51.56823349,52.51891708,58.90000153,60.17105103,55.37762451,60.29999924,57.31510544,58.3014679,55.79999924,55.79999924,61.36259079,61.90000153,62.59999847,64.30000305,65.59999847,67.14739227,68.45955658,69.67912292,44.21874669,54.58962593,58.63281174,65.62138977
Cameroon,CMR,41,46.20000076,44.04040146,45.12301254,47.09999847,47.28193283,49,48.20000076,50.54139709,51.64415359,52.75955582,53.70000076,55.03915405,56.20781326,56.79999924,58.5955925,59.80877686,61.03086472,62.20000076,63.48987961,64.72136688,35.98106333,47.01308975,54.90130463,61.02502289
"Congo, Dem. Rep.",COD,6.699999809,7.314364433,7.915844917,8.512089729,9.105448723,6,10.29296494,15.19999981,11.49862766,12.11501503,12.74405098,13.3884449,15.39999962,14.73320007,13.5,16.14824295,17.04183769,17.91650963,18.56829071,19.10000038,19.10000038,,9.465435505,13.95313911,17.75497627
"Congo, Rep.",COG,29.09001541,30.063591,31.02958298,31.99033737,32.94820786,33.79999924,34.86474609,35.82847214,36.79943085,37.09999847,39.78862,40.72169113,41.59999847,42.54397202,43.43212128,44.40164948,45.50832748,46.57394791,47.41667557,48.40747452,49.51710129,,33.35143814,41.61728058,46.46161499
Colombia,COL,95.19999695,98.47000122,94.90550232,95.12934875,95.35031128,96.80000305,95.79302979,96.01984406,96.8067627,96.05722809,96.78899384,96.69360352,97.03217316,97.77941895,97.79093933,98.18689728,98.40000153,98.5,98.5,99.75592041,100,92.51294571,96.05320282,97.21702576,98.66856384
Comoros,COM,39.71535492,42.01866531,44.79999924,46.60488129,48.89248657,51.17955399,53.46849442,55.76195526,58.06264877,60.37328339,69.80770874,69.42580414,69.30000305,69.76844788,72.16279602,74.57198334,76.99304199,79.42300415,81.85890961,84.29777527,86.73713684,33.54468594,50.08773232,70.09295197,79.42894287
Cabo Verde,CPV,58.42232895,60.1615181,58.59999847,63.61949921,65.34298706,67,68.79075623,70.52010345,72.25667572,74.00318909,81.09999847,82.35624695,83.35876465,84.33934784,85.3079071,86.35784149,87.5449295,88.69096375,90.41175079,91.40000153,94.16174316,,65.87170563,83.292453,88.88109741
Costa Rica,CRI,96.94000244,98.24977875,98.50918579,98.69589996,98.95478058,99.05305481,99.14752197,99.21799469,99.2639389,99.4098053,98.99573517,99.23234558,99.5032959,99.56351471,99.35929108,99.4098053,99.5,99.59999847,99.69999695,99.70999908,99.90000153,,98.74419632,99.33083649,99.58395996
Caribbean small states,CSS,86.8292943,89.45359272,89.28647811,89.37636601,89.86027002,90.28472104,90.76065166,91.71137472,92.88082606,92.19118634,93.40706039,93.390648,94.40299572,94.88692238,94.80175088,95.66592874,96.69120818,97.29971146,97.68603014,98.22195403,98.8189269,82.63611628,90.2634761,94.17787547,97.11296651
Cuba,CUB,97,96.22625732,95.5,96.51303101,96.65090942,96.78825378,96.92747498,97.07121277,97.22218323,97.38309479,97.55664825,97.74556732,97.9525528,98.17936707,98.42398834,98.68345642,98.95478821,99.23503113,99.52120972,99.80000305,100,,96.72824173,97.97162476,99.23889771
Curacao,CUW,100,100,100,100,100,100,100,99.99740601,99.9841156,99.95490265,100,100,100,100,100,100,100,100,100,100,100,100,99.99364243,100,100
Cayman Islands,CYM,100,100,100,100,100,100,100,100,100,100,100,100,100,100,100,100,100,100,100,100,100,99.96359787,100,100,100
Cyprus,CYP,100,100,100,100,100,100,100,100,100,100,100,100,100,100,100,100,100,100,100,100,100,100,100,100,100
Czech Republic,CZE,100,100,100,100,100,100,100,100,100,100,100,100,100,100,100,100,100,100,100,100,100,100,100,100,100
Germany,DEU,100,100,100,100,100,100,100,100,100,100,100,100,100,100,100,100,100,100,100,100,100,100,100,100,100
Djibouti,DJI,56.37995148,56.36514282,49.70000076,56.31511688,56.2845993,56.25354767,55.5,56.19970703,56.18227768,56.17478943,56.17995071,56.20046997,54.59999847,56.29747391,56.61883926,57.57856369,58.67544556,60.20000076,60.5641861,61.21192932,61.76708221,57.74047947,55.53551331,55.97934647,59.64602509
Dominica,DMA,80.95181274,82.27921295,87.69999695,84.91362,86.22531128,87.53647614,88.84951019,90.16706085,90.90000153,92.8265686,94.17394257,95.5366745,96.91748047,98.3181076,99.73654938,99.82901764,99.98353577,100,100,100,100,77.31095886,87.23495712,96.9365509,99.96251068
Denmark,DNK,100,100,100,100,100,100,100,100,100,100,100,100,100,100,100,100,100,100,100,100,100,100,100,100,100
Dominican Republic,DOM,88.76493073,89.79135895,89.74981689,89.17380524,90.31656647,90.14122772,90.1181488,96.87634277,97.57619476,97.85775757,98.14541626,97.89887238,97.86705017,98.38585663,98.47097778,98.56036377,98.90000153,100,98.90000153,99,100,84.74425456,92.03661499,98.15363464,99.07207336
Algeria,DZA,98.97309875,98.96687317,98.95305634,98.93401337,98.91207886,98.88961029,98.86901093,98.85293579,99.30000305,98.84518433,98.8589325,98.88803101,98.7646637,99.0022049,99.08701324,99.18666077,99.35025024,99.63549042,99.69783783,99.5,99.80413055,,98.94958649,98.92016907,99.47404785
East Asia & Pacific (excluding high income),EAP,91.31747175,91.8750826,92.41037156,92.63003793,93.54872922,93.14398832,94.26311651,94.34567845,94.8265437,94.62858787,95.04888518,95.71615317,96.00196914,96.23211065,96.37310787,96.78625052,96.89654895,97.62503249,97.64680515,97.85089599,97.8028927,,93.29896079,95.8744452,97.36110662
Early-demographic dividend,EAR,66.70307244,65.4541739,68.94368835,70.02721759,70.82942344,71.85643311,73.31606559,74.70017268,76.30360435,77.6762939,78.36496387,75.17186894,81.10460835,82.26525488,83.11316806,85.73149882,87.01923574,89.37683677,91.11032606,92.25127606,93.38221567,60.37127944,71.58101453,80.00397282,89.09783469
East Asia & Pacific,EAS,92.22363722,92.72011328,93.19678045,93.39054208,94.21145838,93.84498555,94.84782602,94.92015438,95.35135071,95.16587648,95.54264368,96.14162161,96.39716808,96.60267894,96.72825171,97.09967976,97.19810814,97.85481497,97.8737146,98.05755679,98.01333385,,93.98727246,96.28247281,97.61677485
Europe & Central Asia (excluding high income),ECA,99.88161907,99.88960963,99.90983026,99.9334517,99.90224845,99.87964153,99.87308545,99.88560809,99.90635441,99.91447973,99.93952173,99.92448053,99.95577783,99.94688662,99.9600522,98.26987858,99.97470142,99.98013803,99.98109065,99.98444102,99.98920108,99.89807701,99.89759283,99.94534378,99.63804994
Europe & Central Asia,ECS,99.94939642,99.9528657,99.96156179,99.97168145,99.95847295,99.94894879,99.94623597,99.95158327,99.96036656,99.96377494,99.97426582,99.96783612,99.98107541,99.97722624,99.98283999,99.25530353,99.96962217,99.99141644,99.99183537,99.99325153,99.99532134,99.97734391,99.95648878,99.97664872,99.84028581
Ecuador,ECU,93.73226166,94.02462006,94.30938721,94.97304535,94.86557007,95.83264923,96.31526184,96.81261444,97.20657349,96.47086334,97.46214294,96.87269592,97.19493103,98.0346756,98.97606659,98.82588196,98.69999695,99.19999695,98.69999695,99.08999634,98.84999847,92.02188731,95.45428467,97.70810242,98.90317383
"Egypt, Arab Rep.",EGY,97.69999695,97.34407806,97.53617859,98.80000305,97.9070282,99.40000153,99.04000092,98.46562958,99.80000305,98.86971283,99.39455414,99.4521637,99.69999695,99.85038757,99.80000305,99.30000305,100,100,100,100,100,95.75372868,98.48626328,99.63942108,99.86000061
Euro area,EMU,100,100,100,100,100,100,100,100,100,100,100,100,100,100,100,100,100,100,100,100,100,100,100,100,100
Eritrea,ERI,29.25451088,30.35256195,32.20000076,32.52825928,33.61060333,34.69240952,35.77609253,36.86429214,37.95972443,39.06509781,40.18312073,41.31650162,42.46794891,43.63922882,44.82831192,46.03224182,47.24803925,48.47274399,49.7033844,50.93699265,52.1710968,25.72393768,34.23035526,42.4870224,48.47868042
Spain,ESP,100,100,100,100,100,100,100,100,100,100,100,100,100,100,100,100,100,100,100,100,100,100,100,100,100
Estonia,EST,100,100,100,100,100,100,100,100,100,100,100,100,100,100,100,100,100,100,100,100,100,100,100,100,100
Ethiopia,ETH,12.69999981,10.16249084,11.8548336,13.54194069,15.22616196,14,18.59540367,20.2854805,21.98278999,23.69003868,25.4099369,23,28.89851952,30.67167282,27.20000076,29,42.90000153,44.29999924,44.94060135,48.063591,51.0939827,,16.20391397,27.036026,41.84083862
European Union,EUU,100,100,100,100,100,100,100,100,100,100,100,100,100,100,100,100,99.96019628,100,100,100,99.99535124,100,100,100,99.99203926
Fragile and conflict affected situations,FCS,40.37997962,40.82682894,41.44320146,43.24947099,42.62509663,42.72354567,43.67085284,44.98235565,44.83480322,45.65090553,46.19287021,48.07790604,49.36497701,50.85525757,50.35284463,50.36125301,54.59298425,54.93093532,55.03362205,55.85669124,56.53725099,,43.03870405,48.96877109,54.15509717
Finland,FIN,100,100,100,100,100,100,100,100,100,100,100,100,100,100,100,100,100,100,100,100,100,100,100,100,100
Fiji,FJI,75.72492218,77.00067902,79.62999725,80,80.7918396,82.05135345,83.31273651,88.90000153,86.16000366,87.13486481,89.24858093,90.14612579,91.0708313,91.75,93.78660583,95.16824341,96.56174469,96,99.37250519,99.71588135,100,71.540979,82.0706398,91.20042877,97.36367493
France,FRA,100,100,100,100,100,100,100,100,100,100,100,100,100,100,100,100,100,100,100,100,100,100,100,100,100
Faroe Islands,FRO,100,100,100,100,100,100,100,100,100,100,100,100,100,100,100,100,100,100,100,100,100,100,100,100,100
"Micronesia, Fed. Sts.",FSM,46,48.33746719,50.10003281,51.85736465,53.61180878,55.36571884,57.12149811,58.88180161,60.64933395,62.4268074,64.53151703,66.59398651,68.43236542,70.24881744,72.05324554,73.9390564,75.96201324,77.94390869,79.70291138,81.2767334,82.92591858,,54.43518333,68.37198639,77.76492462
Gabon,GAB,73.59999847,77.14080048,77.84243774,78.53884125,79.23235321,81.59999847,80.62017822,81.31954956,82.02615356,82.74269867,89.46172333,88.85956573,89.30000305,86.40000153,86.96430969,87.37686157,88.2038269,86.26999664,89.8815155,90.72629547,91.57156372,,79.46630096,88.19712067,88.49169922
United Kingdom,GBR,100,100,100,100,100,100,100,100,100,100,100,100,100,100,100,100,100,100,100,100,100,100,100,100,100
Georgia,GEO,99.81181335,99.80532837,99.90000153,100,99.93000031,97.93505096,100,100,100,100,100,100,100,100,100,100,100,100,99.90000153,100,100,,99.73821945,100,99.98000031
Ghana,GHA,43.70000076,44.83751297,46.85807037,48.29999924,50.88582993,41.25,55.09344864,56.92979431,60.5,60.99077988,64.19999695,64.06256104,56.50999832,70.69999695,78.30000305,74.07884216,79.30000305,79,80.40000153,83.5,85.87355042,35.41326594,50.93454361,66.75451126,79.25576935
Gibraltar,GIB,100,100,100,100,100,100,100,100,100,100,100,100,100,100,100,100,100,100,100,100,100,100,100,100,100
Guinea,GIN,15.1462574,16.43238449,17.71092606,18.98423195,20.25465202,20.20000076,22.79629135,24.07256889,25.35607719,26.6495266,27.95562363,29.27708054,26.20000076,31.97595787,33.3531189,34.745121,33.5,35.40000153,45,42.20000076,44.66867828,16.4,20.76029167,29.75235634,38.16902466
"Gambia, The",GMB,34.29999924,29.87001991,31.51756477,27.79999924,34.79930115,30.45626831,38.07894516,39.72422791,41.3767395,43.0391922,46.65527725,48.24708557,49.82793045,51.5,52.93372726,54.56198883,56.32740784,56.20000076,60.29999924,62.09999847,62.27306747,21.74379038,35.09622574,49.83280411,57.89787903
Guinea-Bissau,GNB,,,1.25370574,2.591462374,3.926332712,5.26066637,14.53619957,7.937600613,9.285559654,4.699999809,6,13.39991188,14.80388546,16.22768974,17.20000076,20.05315399,22.96879196,26,28.49505615,30.96155739,33.33546829,,6.186440855,13.52629757,25.6957119
Equatorial Guinea,GNQ,65.55956268,65.57118988,65.57523346,65.57404327,65.56996918,65.56535339,65.56261444,65.56439209,65.57341003,65.59236145,66.15726471,66.09999847,65.73594666,65.82080841,65.92346954,66.04097748,66.17035675,66.30863953,66.45285797,66.60004425,66.74772644,,65.57081299,65.94749756,66.3145752
Greece,GRC,100,100,100,100,100,100,100,100,100,100,100,100,100,100,100,100,100,100,100,100,100,100,100,100,100
Grenada,GRD,86.0422287,86.37165833,86.69351196,87.01012421,87.32384491,87.63703918,87.95210266,88.27168274,90,88.93525696,89.28466034,88.80000305,90.03224945,90.43490601,90.8553772,91.29068756,91.73786926,92.19395447,92.30000305,93.12096405,93.58644867,85.28473236,87.62374496,89.88143921,92.12869568
Greenland,GRL,100,100,100,100,100,100,100,100,100,100,100,100,100,100,100,100,100,100,100,100,100,100,100,100,100
Guatemala,GTM,73.31820679,73.73272705,78.66783905,78.51220703,77.22824097,78.38920593,83.73099518,80.71940613,81.89399719,83.07852936,84.27571106,84.02641296,86.71885681,87.96929169,85.49436951,90.52062225,91.81558228,93.30000305,94.42923737,95.74200439,97.05526733,67.68162903,78.92713547,85.69692841,93.16148987
Guam,GUM,100,100,100,100,100,100,100,100,100,100,100,100,100,100,100,100,100,100,100,100,100,99.95293274,100,100,100
Guyana,GUY,74.51728058,75.10073853,75.67661285,76.24725342,76.81501007,77.5,73.38259125,78.52492523,79.1057663,77.59999847,83.09162903,84.08454132,85.06648254,86.02648926,86.90000153,88.00383759,89.17035675,90.29581451,91.19837952,91.91575623,92.5405426,72.30941312,76.44701767,85.03382874,90.11682892
High income,HIC,99.8993578,99.89453683,99.8991729,99.93668928,99.90755146,99.91151184,99.94108635,99.92458156,99.92924426,99.95043406,99.94868896,99.95561429,99.96542356,99.95709152,99.97069421,99.96909469,99.9584751,99.97133103,99.9818667,99.98504682,99.98829845,99.86412989,99.91941663,99.95950251,99.97316287
"Hong Kong SAR, China",HKG,100,100,100,100,100,100,100,100,100,100,100,100,100,100,100,100,100,100,100,100,100,100,100,100,100
Honduras,HND,67.38335419,64.19999695,63.14113617,65.09046173,67.11352539,68.90331268,71.26644897,73.54818726,76.39689636,78.26968384,80.98466492,82.19529724,83.60772705,87.18488312,88.65377045,89.98171234,91.59999847,86.5,91.59999847,91.09999847,93.20671082,62.93118556,69.53130035,84.52526855,90.15634155
Heavily indebted poor countries (HIPC),HPC,17.75930023,18.5303751,19.26997523,20.77618792,21.86311511,21.6090083,24.22528101,25.79441123,25.88766443,27.03198007,28.81301958,29.31140189,32.08042533,32.97993164,35.52668101,35.46382819,40.69850751,41.59826654,44.21251265,44.98610282,46.54240695,,22.27472986,31.74229189,41.39184354
Croatia,HRV,100,100,100,100,100,100,100,100,100,100,100,100,100,100,100,100,100,100,100,100,100,100,100,100,100
Haiti,HTI,33.70000076,31.54238129,33.15247345,31.60000038,34.11081314,34.58800507,33.90000153,35.55065155,36.04146576,36.54222107,37.0556221,37.58438492,37.90000153,38.69787598,39.49641037,40.83628464,40.40000153,43.74927139,44.96234512,45.99023438,46.92553329,30.91982056,34.0728014,38.14685898,43.18762741
Hungary,HUN,100,100,100,100,100,100,100,100,100,100,100,100,100,100,100,100,100,100,100,100,100,100,100,100,100
IBRD only,IBD,84.31171092,83.74093111,85.83059289,86.40684131,86.91750739,87.62374994,88.35787433,89.1422351,89.9567448,90.76851169,91.45970412,89.19749216,92.7899866,93.49110113,94.06011438,95.21498752,95.77856364,96.72575421,97.78261009,98.31733801,98.77844707,,87.30566995,92.19967968,96.76385069
IDA & IBRD total,IBT,73.9053173,73.52032897,75.30047757,76.04034368,76.32321267,76.93755419,77.80556582,78.40963323,79.17099695,79.8741029,80.32302133,79.08002616,82.15120298,82.75229471,83.24241873,84.39860613,85.67812852,86.74304153,87.89333811,88.4214883,89.02166857,,76.72875333,81.50979278,86.62692052
IDA total,IDA,34.99004531,35.78371421,36.96372469,38.78639385,38.7438766,39.52242255,41.57257463,42.14719815,43.21289605,44.02975935,44.21311804,46.64853239,48.49537942,49.18137413,49.83397158,51.41219365,55.27062413,57.08116184,58.87974893,59.83457813,61.22617318,37.28679266,39.57526054,47.67447511,56.49566134
IDA blend,IDB,54.22476113,54.95693915,55.32179383,57.75335895,56.40789345,56.88039953,57.27943324,58.47760898,58.86771312,58.12322998,57.11115301,61.68633695,61.24809163,62.28384664,61.2531042,61.44664891,65.39697064,63.80249153,65.93210709,66.99886493,67.86806946,54.44835475,56.82931313,60.71650648,64.71541662
Indonesia,IDN,86.30000305,86.26000214,87.59999847,87.94000244,89.01000214,85.03832245,90.62000275,91.09999847,92.73000336,93.55000305,94.15000153,94.83000183,96,96.46425629,97.01000214,97.53736877,97.62000275,98.13999939,98.51000214,98.84999847,96.94999695,68.67184041,89.01483383,95.69085236,98.1314743
IDA only,IDX,25.17789652,26.00876052,27.62997217,29.15482054,29.78259488,30.72012817,33.6826864,33.97392384,35.37123059,36.96210752,37.74422709,39.07517013,42.07510753,42.574391,44.06717416,46.33851474,50.14615242,53.67821276,55.30269842,56.20714372,57.85930757,25.56918337,30.84641211,41.10721398,52.33454441
Isle of Man,IMN,100,100,100,100,100,100,100,100,100,100,100,100,100,100,100,100,100,100,100,100,100,100,100,100,100
India,IND,58.72147369,55.79999924,62.29999924,64.04748535,64.40000153,67.5798111,67.90000153,71.11986542,72.89938354,75,76.30000305,67.59999847,79.90000153,81.99932861,83.87249756,88,89.21779633,92.12494659,95.69999695,97.30826569,99,53.71437182,65.97680206,77.93436584,92.47020111
Not classified,INX,,,,,,,,,,,,,,,,,,,,,,,,,
Ireland,IRL,100,100,100,100,100,100,100,100,100,100,100,100,100,100,100,100,100,100,100,100,100,100,100,100,100
"Iran, Islamic Rep.",IRN,97.90000153,98.12930298,98.23327637,98.33202362,98.42787933,98.52319336,98.40000153,98.7220993,98.83104706,99.70999908,99.49104309,99.57264709,99.64328003,99.83000183,100,99.95999908,99.94999695,99.94000244,100,100,100,,98.52088242,99.70739441,99.96999969
Iraq,IRQ,96.92167664,97.06279755,97.19633484,97.32463074,97.45004272,97.57492065,97.62210846,98.09999847,97.97143555,98.11988068,98.28096771,98,99.30000305,98.8662796,99.09843445,99.34542847,99.60430145,99.87207031,99.90000153,99.99200439,100,,97.53438263,98.70913696,99.74276123
Iceland,ISL,100,100,100,100,100,100,100,100,100,100,100,100,100,100,100,100,100,100,100,100,100,100,100,100,100
Israel,ISR,100,100,100,100,100,100,100,100,100,100,100,100,100,100,100,100,100,100,100,100,100,100,100,100,100
Italy,ITA,100,100,100,100,100,100,100,100,100,100,100,100,100,100,100,100,100,100,100,100,100,100,100,100,100
Jamaica,JAM,84.39413452,87.70811462,86.68128967,86.60856628,87.3378067,88.06650543,88.79708099,89.53218079,92,91.02677917,92.19999695,91.09999847,93.09999847,93.90000153,93.30000305,94.90000153,96.7379837,97.60958099,98.48712158,99.36762238,100,79.96180127,88.21524582,92.71999969,97.42046204
Jordan,JOR,98.93427277,98.97806549,99.5,99.04524994,99.17343903,99.10089111,100,98.80000305,100,99.40000153,100,99.65156555,99.5,99.7014389,99.74849701,99.89817047,99.95882416,100,99.90000153,100,99.90000153,98.20237457,99.29319229,99.72030029,99.95139923
Japan,JPN,100,100,100,100,100,100,100,100,100,100,100,100,100,100,100,100,100,100,100,100,100,100,100,100,100
Kazakhstan,KAZ,99.50955963,99.65000153,99.80999756,99.91999817,99.95999908,100,99.76654816,100,100,100,100,99.79747009,100,100,100,100,100,100,100,100,100,98.94086731,99.86161041,99.95949402,100
Kenya,KEN,15.13117123,17.03308487,18.92741394,16,22.70271492,24.58838654,26.47592926,28.36799431,30.26729012,23,19.20000076,36.03565598,37.9909668,39.96610641,36,41.59999847,53.09999847,55.97640991,61.2845726,69.69999695,71.4379425,9.173502908,22.24939852,33.83854599,56.33219528
Kyrgyz Republic,KGZ,99.61024475,99.58100891,100,99.50212097,99.45718384,99.44230652,98.88999939,99.54000092,99.51000214,99.5,99,98.31999969,99.80000305,98.93000031,99.80000305,98.69000244,99.70999908,100,100,99.87423706,99.98104858,99.63980255,99.50328674,99.17000122,99.65484772
Cambodia,KHM,16.60000038,14.62477779,18.18709946,19.29999924,25.29838371,20.5,32.40758133,35.96763611,26.39999962,43.1121521,31.10000038,50.30726242,53.93056488,57.57369614,56.09999847,64.91042328,69.54431152,89.06999969,81.07565308,84,86.40000153,13.74501844,25.23976297,49.80230446,77.72007751
Kiribati,KIR,55.124897,56.91902542,58.70556641,60.48687744,62.26529694,69.67640686,68.80000305,67.60722351,69.39872742,64.19000244,63.16773605,74.84373474,76.69126129,78.93106079,83.45394897,90.55818176,92.79961395,86.17644501,88.10316467,90.03285217,91.96302795,,63.31740265,75.41754837,89.53405151
St. Kitts and Nevis,KNA,95.28153992,93.52999878,95.80318451,96.05498505,96.30389404,96.55226898,96.80252075,97.05728912,97.31929016,97.59122467,99.84339142,100,100,100,100,100,100,100,100,100,100,92.93175888,96.2296196,99.96867828,100
"Korea, Rep.",KOR,100,100,100,100,100,100,100,100,100,100,100,100,100,100,100,100,100,100,100,100,100,99.96962891,100,100,100
Kuwait,KWT,100,100,100,100,100,100,100,100,100,100,100,100,100,100,100,100,100,100,100,100,100,100,100,100,100
Latin America & Caribbean (excluding high income),LAC,91.10777032,91.74872763,92.07764039,92.30843488,92.73648646,93.10666398,93.80948359,94.11687435,94.92072216,95.03554117,95.55817402,95.91615563,96.29660934,96.62185223,96.76433127,97.0478297,97.29219731,97.58901516,97.61214838,97.92687872,98.38595442,89.04789321,93.09683449,96.2314245,97.49361386
Lao PDR,LAO,42.49613953,45.26670837,46.29999924,48,53.54230881,57.20000076,57.04105759,54.95999908,66,67.35939789,70.14994049,70,76.36663055,79.5762558,83.13404083,89.69999695,90.54953003,93.59999847,97.79715729,99.09208679,100,31.92524065,53.81656113,75.84537354,94.14775391
Lebanon,LBN,99.35159302,99.34656525,99.33395386,99.3161087,99.90000153,99.27410889,99.38381958,97.80000305,99.90000153,99.23448944,99.47441101,99.68401337,99.50675964,99.49551392,99.48232269,99.58317566,99.72562408,99.87982941,99.69999695,99.97486877,100,,99.28406448,99.52860413,99.77269897
Liberia,LBR,,,,,,,,3,1.279289603,1.899999976,5.162664413,4.099999905,9.10747242,9.800000191,9.399999619,15.16173553,17.70000076,24.20000076,22.87913322,23.10000038,27.53470993,,2.059763193,7.514027309,20.60817413
Libya,LBY,99.80000305,97.14705658,95.42337036,93.69444275,91.96263885,90.23028564,88.49981689,86.77386475,85.05513763,83.34635925,81.65022278,79.9694519,78.30674744,76.66387177,75.0388031,73.42857361,71.83022308,70.24076843,67,68.64240265,69.70735168,,91.19329758,78.3258194,70.22839355
St. Lucia,LCA,89.38743591,89.90000153,90.35829163,90.83469391,91.30821228,91.78118896,92.25604248,92.73542023,93.22202301,93.71856689,94.19999695,94.7525177,95.34342194,95.85738373,96.43763733,97.03273773,97.63970947,98.27980804,98.87739563,99.50218201,100,,91.55018768,95.31819153,98.26636658
Latin America & Caribbean,LCN,91.73918167,92.35374015,92.65560625,92.74758319,93.23479295,93.5650494,94.27758976,94.50233375,95.23644136,95.38342035,95.85592914,96.18157452,96.56127207,96.84061825,97.03050441,97.28133589,97.48395425,97.73510447,97.80226551,98.09402529,98.51612728,89.81891482,93.56957388,96.49397968,97.67933708
Least developed countries: UN classification,LDC,20.07511915,20.89131991,22.91137362,24.40365858,25.03038428,26.20550374,28.84605729,29.57845764,30.86613277,32.51195877,33.08817551,34.8124077,38.29638751,38.37721354,39.61809897,42.53402633,46.45227522,50.34206125,52.18939936,52.92900342,54.69638055,,26.13199657,36.83845665,48.88935312
Low income,LIC,15.61258612,16.31659912,16.96880359,18.71487517,19.61504575,19.48280851,21.55837636,23.21608826,23.11425415,24.58188679,26.09848984,26.76257445,29.70938228,30.73030876,32.18718385,32.05449163,37.23314307,38.87677639,40.549084,41.47666542,42.98814522,,19.91813238,29.09758783,38.0380321
Liechtenstein,LIE,100,100,100,100,100,100,100,100,100,100,100,100,100,100,100,100,100,100,100,100,100,100,100,100,100
Sri Lanka,LKA,70.26280212,63.59999847,80.69999695,74.99881744,76.56858063,78.13780975,82.05000305,80,82.86739349,87.08999634,85.30000305,87.76000214,87,90.19999695,92.66051483,94.35186768,97.5,97.5,99.56487274,99.75856781,100,,77.62753983,88.58410339,97.73506165
Lower middle income,LMC,62.45722535,61.4051495,64.97286628,66.35997643,66.85186307,68.20203108,69.71204229,70.98320377,72.5724053,73.78080179,74.3371748,71.8659549,77.56062842,78.74685482,79.62984014,82.37225213,83.91969533,85.86003838,88.04688325,89.05989968,90.11485764,54.93714744,67.72975649,76.42809062,85.85175375
Low & middle income,LMY,73.40682845,73.01530494,74.83435159,75.60747512,75.88988843,76.52061566,77.40131371,78.02645383,78.80592416,79.28918643,79.76379118,78.51824312,81.64128827,82.26622571,82.77096167,83.95729521,85.27267494,86.36427952,87.53843803,88.08602382,88.7055287,,76.27973423,80.99210199,86.2437423
Lesotho,LSO,4.258759975,1.252269268,3.361658573,5.465812683,6.800000191,9.667811394,9.699999809,13.87754059,15.99189663,17,17,22.40544128,20.55999947,26.7660141,27.79999924,31.67733383,35.07159042,33.70000076,47,44.50020981,47.35273743,,8.737574911,22.90629082,38.38982697
Late-demographic dividend,LTE,95.65408806,96.28689742,96.64991874,96.87813861,97.11211747,97.57236376,98.23974234,97.93727978,98.25612739,97.90192144,98.39836742,98.65522288,98.7606031,98.93006376,98.94248529,98.83106813,99.17209214,99.29089576,99.30700553,99.374115,99.46371858,,97.2488595,98.73734849,99.19503531
Lithuania,LTU,100,100,100,100,100,100,100,100,100,100,100,100,100,100,100,100,100,100,100,100,100,100,100,100,100
Luxembourg,LUX,100,100,100,100,100,100,100,100,100,100,100,100,100,100,100,100,100,100,100,100,100,100,100,100,100
Latvia,LVA,100,100,100,100,100,100,100,100,100,100,100,100,100,100,100,100,100,100,100,100,100,100,100,100,100
"Macao SAR, China",MAC,100,100,100,100,100,100,100,100,100,100,100,100,100,100,100,100,100,100,100,100,100,99.95829163,100,100,100
St. Martin (French part),MAF,100,100,100,100,100,100,100,99.99740601,99.9841156,99.95490265,100,100,100,100,100,100,100,100,100,100,100,100,99.99364243,100,100
Morocco,MAR,69.56738281,71.34790039,73.12083435,74.88852692,78.19999695,78.4176178,96.5,81.95442963,83.73233032,85.52016449,92.67137909,93.44643402,94.21051788,97.19999695,91.59999847,97.30000305,97.80000305,100,98.09999847,99.59999847,100,60.1414217,79.32491837,93.82566528,98.56000061
Monaco,MCO,100,100,100,100,100,100,100,100,100,100,100,100,100,100,100,100,100,100,100,100,100,100,100,100,100
Moldova,MDA,100,100,99,100,99.09999847,98.59999847,100,100,100,100,100,100,100,100,100,100,100,99.98000336,99.98999786,100,100,100,99.66999969,100,99.99400024
Madagascar,MDG,12.72418976,14.80000019,14.04657555,20.29999924,15.34801865,15.99676132,16.64737511,17.30251122,17.96487999,17.39999962,12.30000019,14.30000019,18.70000076,12.89999962,22.23507309,23.00593376,22.89999962,24.10000038,36.5,31.04000092,33.7350769,11.0507328,16.25303106,16.08701477,27.50918694
Maldives,MDV,83.80000305,87.48628998,88.35749817,89.22346497,90.08654785,90.94908905,91.81350708,92.68244934,93.55862427,99.90000153,99.15686035,99.2772522,99.38667297,99.47416687,100,99.7064743,100,99.80000305,100,100,100,,90.78574753,99.45899048,99.90129547
Middle East & North Africa,MEA,92.5162563,92.72681588,92.65020757,93.48187676,93.4148996,94.04277604,95.95046828,94.23224568,94.80552793,94.90714656,95.74466171,95.79777076,95.38407888,97.07771976,96.07405221,96.52193604,96.82826925,97.68738142,96.28304905,97.23085259,97.35593585,,93.87282206,96.01565666,96.91029767
Mexico,MEX,98.00713348,97.13832092,97.8970871,97.40085602,98.59770203,98.93273163,99.11415863,97.91056824,98.91403961,98.19821167,99.23669434,99.02815247,99.1116333,99.14769745,99.17292786,99,99.5,100,99.5,99.59999847,99.40000153,95.62393261,98.21108093,99.13942108,99.51999969
Marshall Islands,MHL,68.47797394,69.96432495,71.44309235,72.91662598,74.3872757,75.85738373,77.32936859,72.30000305,80.28961182,81.78327942,89.23388672,89.91960907,90.56080627,91.19685364,91.82087708,92.52627563,93.36882782,94.29734802,95.91629028,97.53820038,99.16060638,68.52423588,74.47489395,90.54640656,94.72938843
Middle income,MIC,77.99358215,77.58798849,79.59591063,80.37087512,80.68483693,81.46606768,82.41750811,83.07611266,84.02773661,84.76776754,85.21927198,83.85835201,87.07178162,87.72832257,88.20565142,89.61240596,90.58240771,91.68975555,92.89046962,93.47804742,94.08459667,,81.19883859,86.41667592,91.65061725
North Macedonia,MKD,100,100,100,100,99.41999817,100,99,100,99.19999695,99.19999695,100,99.72616577,100,100,100,100,100,100,99.80000305,100,100,100,99.68199921,99.94523315,99.96000061
Mali,MLI,9.59319973,10.80000019,13.05976486,14.78401947,16.50538826,18.22621918,16.60000038,21.67615128,23.41060638,24.03089523,26.91205025,28.68445396,25.60000038,32.28522873,34.11333847,37.59999847,38.78982162,34.77999878,50.90000153,47.83627701,50.56141663,6.098937082,16.8686245,29.51901436,41.98121948
Malta,MLT,100,100,100,100,100,100,100,100,100,100,100,100,100,100,100,100,100,100,100,100,100,100,100,100,100
Myanmar,MMR,41.83378983,42.94189835,47,45.13771439,46.2301178,47.32198334,48.41572189,49.51398468,50.61947632,51.73490906,48.79999924,54.00642776,55.16793442,56.34927368,52,60.5,55.59999847,69.81483459,66.22727966,68.35852814,70.39719391,,47.07495956,53.26472702,64.10012817
Middle East & North Africa (excluding high income),MNA,91.55031483,91.77885015,91.68219397,92.6123657,92.52134086,93.21641606,95.37337815,93.38499758,94.0186072,94.11287262,95.06514218,95.11400948,94.62184722,96.58959306,95.41215804,95.9309483,96.29464972,97.29614883,95.64227006,96.75266929,96.89944083,,93.02513371,95.36054999,96.38333724
Montenegro,MNE,100,100,100,100,100,99.83022308,100,100,100,100,100,99,100,99.69999695,97.69999695,100,100,100,100,100,100,100,99.98302231,99.27999878,100
Mongolia,MNG,67.30000305,71.07657623,72.2844696,76.30000305,74.68688965,86.19999695,77.08721924,78.29284668,79.50569916,80.72850037,78.50208282,72.0570755,84.48361206,81.19999695,87.0788269,88.400177,89.83840942,92.51256561,98.09999847,97.2299118,98.09999847,,76.3462204,80.66431885,93.21621246
Northern Mariana Islands,MNP,100,100,99.98763275,99.9618988,99.92280579,99.87757874,99.83319092,100,100,100,100,100,100,100,100,100,100,100,100,100,100,99.95692368,99.9583107,100,100
Mozambique,MOZ,6.096311092,5.699999809,8.443921089,8.100000381,10.77058983,11.93194485,13.09517193,12.39999962,13.57122421,15,18.80273628,20.20000076,21.23260689,22.42012787,24.79999924,24,26.246521,24.29999924,31.10000038,29.67444992,30.60383224,5.04743309,10.51091628,21.49109421,27.06419411
Mauritania,MRT,18.7461319,22.20000076,21.5032196,22.87273407,24.23936462,18.20000076,26.973423,33.04053879,30,31.11528587,33.95951462,35.1663208,36.36215973,37.53606415,38.79999924,39.5,41.32161713,42.90000153,44.3121376,45.83003235,47.34841919,,24.88906994,36.36481171,42.77275772
Mauritius,MUS,99,99.26472473,99.40000153,99.18551636,99.14041138,99.09476471,99.05098724,99.01174164,98.97972107,98.95763397,99.69000244,99.59999847,99.56861877,99.4805069,99.38037109,99.36161041,99.48001099,99.61000061,99.44884491,100,99.66165161,99.15788956,99.10855026,99.54389954,99.58009338
Malawi,MWI,4.800000191,5.139520168,5.53415966,6.199999809,6.900000095,6.696063042,3.653227329,7.476292133,7.875898361,8.28544426,8.699999809,7.599999905,7.400000095,9,11.89999962,10.80000019,11,12.69999981,18.02000046,11.19999981,14.86676884,2.955229798,6.256060505,8.919999886,12.74400005
Malaysia,MYS,99.10397339,99.12567139,99.13978577,99.14865875,99.15465546,99.16011047,99.16743469,99.17928314,99.19836426,99.30000305,99.37405396,99.46546936,99.80000305,99.60444641,99.65093994,99.77881622,99.90000153,99.95248413,99.99224091,100,100,,99.16779404,99.57898254,99.92470856
North America,NAC,100,100,100,100,100,100,100,100,100,100,100,100,100,100,100,100,100,100,100,100,100,100,100,100,100
Namibia,NAM,36.5,35.96686172,36.92547607,37.87885284,38.82934189,39.77929688,40.73112488,43.70000076,42.65105057,44.09999847,44.61073685,42.29999924,46.63185883,47.40000153,48.72851563,51.59999847,49.70000076,52.5,54.00289536,55.17708969,56.2586937,30.27803211,39.70620041,45.93422241,52.59599686
New Caledonia,NCL,100,100,100,100,100,100,100,100,100,100,100,100,100,100,100,100,100,100,100,100,100,99.95293274,100,100,100
Niger,NER,6.481481552,8.361941338,8.858947754,9.350719452,9.839605331,7.099999905,9.300000191,11.31291866,11.81489182,12.32680607,13.27749252,14.30000019,14.39999962,15.1700058,15.77054214,16.60000038,17.27152061,18.04952621,17.60000038,18.97457123,19.25190926,5.805665767,9.474731207,14.58360806,17.69912376
Nigeria,NGA,43.12145996,43.88067245,44.63230133,52.20000076,46.12220001,46.86516953,47.61001587,50.13092041,50.29999924,49.88250732,48,55.90000153,53.23124313,55.59999847,54.04822922,52.5,59.29999924,54.40000153,56.5,55.40000153,55.40000153,37.82072975,47.47452469,53.35589447,55.62000046
Nicaragua,NIC,72.78157043,72.22158051,73.85829163,74.38762665,74.91407776,73.82181549,75.96777344,76.50007629,77.03961182,77.91631317,78.1512146,78.72869873,79.63916016,80.82344055,81.85307312,83.24932861,84.64011383,85.98983765,87.11667633,88.05832672,88.90737915,70.5559445,74.94087372,79.83911743,85.81085663
Netherlands,NLD,100,100,100,100,100,100,100,100,100,100,100,100,100,100,100,100,100,100,100,100,100,100,100,100,100
Norway,NOR,100,100,100,100,100,100,100,100,100,100,100,100,100,100,100,100,100,100,100,100,100,100,100,100,100
Nepal,NPL,29.04626656,24.60000038,35.88740921,39.2989502,37.20000076,46.11573029,51.20000076,52.94023514,56.36198044,59.79366684,68.59999847,67.26000214,74.9659729,77.46619415,84.90000153,82.5239563,90.69999695,87.89634705,93.91999817,89.90000153,89.90000153,20.77318869,43.24442406,74.63843384,88.98806
Nauru,NRU,99.43708801,99.41563416,99.38658905,99.35231781,99.31515503,99.27745056,99.24163055,99.80000305,99.18624878,99.17211151,99.17063141,99,99.21644592,99.26821136,99.33779144,99,99.712883,99.87004089,99.92822266,100,100,99.17440109,99.35842285,99.19861603,99.70222931
New Zealand,NZL,100,100,100,100,100,100,100,100,100,100,100,100,100,100,100,100,100,100,100,100,100,100,100,100,100
OECD members,OED,99.64102661,99.66901249,99.61374334,99.59709719,99.68865797,99.76665132,99.76594907,99.6500784,99.76279475,99.68897636,99.81056478,99.7889689,99.81385498,99.83757738,99.84413602,99.83793115,99.89476963,99.9400949,99.89760075,99.95255092,99.94328479,99.39264399,99.68439875,99.81902041,99.90458947
Oman,OMN,100,100,100,100,100,100,100,100,100,100,100,100,100,100,100,100,100,100,100,100,100,100,100,100,100
Other small states,OSS,56.48698998,57.08298331,54.35508105,55.67113851,57.45025794,58.71880688,60.56173801,62.10578058,63.35982773,63.89810808,66.02231628,68.05116039,69.24564762,70.25816007,71.42226843,72.83977764,74.05215607,75.09754053,77.27579008,78.13569122,79.19467374,,58.96907121,68.99991056,75.48019111
Pakistan,PAK,70.31060028,70.36153412,70.40487671,70.44299316,70.47821808,70.51290131,70.54946899,70.59054565,70.63886261,70.69711304,70.76802063,70.85427856,70.95861053,71.0827713,71.22473907,71.38154602,71.5502243,70.79000092,72.78310394,74.12769318,75.37969208,70.36267517,70.4987114,70.97768402,72.12651367
Panama,PAN,81.40141296,81.45625305,82.2009201,87.80000305,83.67690277,84.41291046,85.15079498,85.89319611,86.64283752,87.40241241,86.84999847,88.96221924,89.76786804,89.09999847,91.43663788,92.29476929,93.16477203,93.69999695,94.9285202,95.81632996,96.70463562,76.02854132,84.60376434,89.22334442,93.98087769
Peru,PER,72.49649811,72.1131134,74.38269043,74.38096619,75.69235992,77.17364502,80.15727234,81.98812866,84.67834473,86.42431641,88.12306213,89.70748901,91.09951019,92.13536835,92.91999054,93.85218048,94.19999695,94.80000305,95.19999695,95.55136108,99.31181335,68.8209484,77.94873352,90.79708405,94.7207077
Philippines,PHL,74.66168976,75.72294617,76.77661896,76.59999847,87.59999847,79.9156189,80.18000031,82.01390839,83.30000305,84.30000305,85.39764404,87.19999695,87.08000183,87.5,89.72036743,89.08000183,92.06650543,93,94.44826508,95.64508057,96.84238434,69.61774197,80.10707855,87.37960205,92.84797058
Palau,PLW,98.16899872,98.22855377,98.28051758,98.32724762,98.37109375,98.91650391,98.4595871,98.5092926,98.56622314,98.63309479,98.71261597,98.80750275,97.6304245,99.05323029,99.81030273,99.36923981,100,100,100,100,100,97.22872238,98.4461113,98.80281525,99.87384796
Papua New Guinea,PNG,7.577013969,9.882184029,12.17976952,14.47212029,16.76158333,19.05051231,12.39999962,23.63663292,25.9391861,17.20000076,19.5,32.91732025,35.27588654,37.65428543,40.05049133,42.8782196,49.40000153,54.40000153,55.72738647,59.66297531,60.40000153,5.97010684,15.90990028,33.07959671,52.41371689
Poland,POL,100,100,100,100,100,100,100,100,100,100,100,100,100,100,100,100,100,100,100,100,100,100,100,100,100
Pre-demographic dividend,PRE,24.62785967,25.86905363,26.73308492,29.1943774,28.77020517,29.49613266,30.40896468,32.18922257,32.092793,32.02303962,32.63983381,36.03028096,37.51244482,38.27388283,39.79840853,39.94516125,44.60381183,44.32943607,47.17058653,47.5468721,48.4464381,23.86364427,29.14047333,36.85097019,44.71917356
Puerto Rico,PRI,100,100,100,100,100,100,100,100,100,100,100,100,100,100,100,100,100,100,100,100,100,99.99751434,100,100,100
"Korea, Dem. People's Rep.",PRK,,,,,,,,,,26,29.25118256,31.49200249,33.75088882,36.02960587,38.32612991,40.63749695,42.96073532,45.2928772,47.63095474,49.97200012,52.31354523,,26,33.76996193,45.29881287
Portugal,PRT,100,100,100,100,100,100,100,100,100,100,100,100,100,100,100,100,100,100,100,100,100,100,100,100,100
Paraguay,PRY,89.42114258,91.04206848,91.66644287,92.55839539,93.24987793,94.68688965,96.74904633,96.45277405,96.67789459,96.89133453,97.43086243,98.23655701,97.83561707,99.0158844,99.00071716,99.33153534,98.40000153,99.30000305,99.59999847,99.69999695,100,85.28451356,93.93958664,98.30392761,99.26630707
West Bank and Gaza,PSE,99.69999695,99.09999847,99.23685455,99.09999847,99.5,99.59999847,99.69999695,98.80000305,99.80000305,99.90000153,99.90000153,99.69999695,99.80000305,99.90000153,99.90000153,99.90000153,100,99.69999695,100,100,100,98.3541509,99.44368515,99.84000092,99.91999969
Pacific island small states,PSS,55.00514019,56.38313214,58.26758193,59.24133159,60.41515276,62.0720215,61.43968355,63.34598078,66.76676348,64.89926751,70.00158916,71.46769172,72.93010769,72.44765252,76.69726533,79.27638303,81.2203405,82.27051034,84.59163918,86.00648483,87.61603937,62.92608177,60.78360554,72.70886128,82.67307157
Post-demographic dividend,PST,99.96711931,99.95654687,99.94562424,99.96203783,99.96365573,99.95966909,99.96491855,99.95899485,99.97067415,99.97241646,99.97436685,99.97504641,99.97312365,99.9794749,99.98368241,99.98547026,99.98924819,99.9921581,99.99510943,99.99796373,99.99813813,99.99837545,99.96216571,99.97713884,99.99198994
French Polynesia,PYF,100,100,100,100,100,100,100,100,100,100,100,100,100,100,100,100,100,100,100,100,100,100,100,100,100
Qatar,QAT,100,100,100,100,100,100,100,100,100,100,100,100,100,100,100,100,100,100,100,100,100,100,100,100,100
Romania,ROU,100,100,100,100,100,100,100,100,100,100,100,100,100,100,100,100,99.09999847,100,100,100,100,100,100,100,99.81999969
Russian Federation,RUS,100,100,100,100,100,100,100,100,100,100,100,100,100,100,100,95.5,100,100,100,100,100,100,100,100,99.1
Rwanda,RWA,6.199999809,4.57231617,5.93285799,7.288164616,8.640584946,4.800000191,11.34622574,12.70450306,6,15.44546127,9.699999809,10.80000019,17.5,15.19999981,19.79999924,22.79999924,29.37000084,34.09999847,36.96815109,40.36860657,46.59999847,2.204385144,8.293011379,14.59999981,32.72135124
South Asia,SAS,56.24021675,54.17233226,59.85436622,61.48851054,61.81603618,64.81300738,65.85873623,68.02852297,70.32845906,72.36296611,73.18945144,67.05361626,77.48938986,78.71407365,80.75984492,84.6089876,86.29912812,89.39993503,92.71301579,94.04364038,95.78428943,50.35983215,63.49631537,75.44127523,89.41294138
Saudi Arabia,SAU,100,100,100,100,100,100,100,100,100,100,100,100,100,100,100,100,99.90000153,99.93000031,100,100,100,100,100,100,99.96600037
Sudan,SDN,23,29.25522614,29.52560234,29.7905674,30.05239296,30.31334686,30.57579231,30.84244156,19.96999931,29,38.03977585,39.8208046,41.59199524,43.3435173,44.90000153,46.90310669,48.84940338,50.75471878,52.44700241,53.96253967,55.38970184,29.25465363,28.23253689,41.5392189,50.58335419
Senegal,SEN,37.74000168,38.75761795,36.79999924,41.96413422,36.79999924,47.09999847,49.90000153,48.36180878,49.97265244,53.5,56.5,56.5,56.5,57,61,60.5,64.5,61.70000076,66,70.40000153,70.36894226,30.68673194,44.08962135,57.5,64.62000046
Singapore,SGP,100,100,100,100,100,100,100,100,100,100,100,100,100,100,100,100,100,100,100,100,100,100,100,100,100
Solomon Islands,SLB,4.517029285,7.475236416,10.4258585,13.37124634,16.31374741,19.2557106,14.39999962,12.89999962,28.10349655,21.20000076,34.77480698,38.67999268,42.57421112,44.70000076,50.30675888,55.09999847,58.32719421,62.90000153,66.17976379,69.80941772,73.34648132,15.7,14.79623251,42.20715408,62.46327515
Sierra Leone,SLE,7.788142681,8.55077076,9.305814743,10.05562305,16.79999924,11.3324852,12.29718781,13.04996777,12.10000038,14.57992744,11.46217346,14.19999981,16.976511,13.5,18.66603088,19.53453636,20.29999924,23.39999962,26.10000038,22.70000076,26.20088577,,11.58599191,14.96094303,22.40690727
El Salvador,SLV,84.51924896,87.06382751,87.54905701,86.96115112,87.35704803,87.52584076,89.20146942,91.10955811,91.00022888,91.08402252,91.58023834,92.57468414,93.68057251,95.04310608,95.12541962,95.40000153,96,96.80000305,97,97.36000061,100,77.12361392,88.33714523,93.60080414,96.51200104
San Marino,SMR,100,100,100,100,100,100,100,100,100,100,100,100,100,100,100,100,100,100,100,100,100,100,100,100,100
Somalia,SOM,1.892501235,4.504615784,7.400000095,9.708440781,12.30484962,14.90072155,15.23378563,20.1007328,22.71022987,25.32966614,52.16334534,51.96811295,51.76191711,51.53379059,51.29363632,51.13486099,51.11323547,52.09999847,50.7649765,49.20000076,49.73086929,,13.40855435,51.74416046,50.86261444
Serbia,SRB,100,100,100,100,100,99.6907196,100,100,100,100,99.71839905,100,100,99.91999817,99.66079712,99.90000153,100,100,100,99.80000305,100,100,99.96907196,99.85983887,99.94000092
Sub-Saharan Africa (excluding high income),SSA,25.56336769,26.06888636,27.25881343,29.4890104,29.33227543,29.28215484,30.78844265,32.41028753,32.30142489,32.48059123,33.29594153,35.87016046,36.81022993,37.94221328,38.28764418,39.06802889,43.74607839,43.72649408,46.36585943,47.10010705,48.34660195,28.70316469,29.49752545,36.44123787,44.00131357
South Sudan,SSD,,,,,,,0.643131793,1.031562328,1.427223802,3,1.5,2.684684753,3.136361122,3.607868195,4.097183704,4.601339817,5.117367744,4.199999809,6.173169613,6.707006931,7.241338253,,1.525479481,3.005219555,5.359776783
Sub-Saharan Africa,SSF,25.57185459,26.07713944,27.26715011,29.49665244,29.33974272,29.28949927,30.79587684,32.4170601,32.30820939,32.48723402,33.30252213,35.87625828,36.81615523,37.94794172,38.29346278,39.07374706,43.75128699,43.73162988,46.37067224,47.1047724,48.35107879,28.71431771,29.50504189,36.44726803,44.00642171
Small states,SST,63.39420146,64.46001783,62.24162444,63.20967369,64.60420229,65.64225632,66.95052779,68.30375227,69.58561872,69.63611856,71.69141397,73.21939567,74.33984696,75.10760949,76.17560356,77.51221279,78.68691525,79.60476836,81.4202504,82.21474614,83.18852027,,65.80279934,74.10677393,79.88777859
Sao Tome and Principe,STP,52.90000153,51.49117279,52.58724213,53.6780777,54.76602173,55.85343552,56.94271851,58.03652191,59.13755798,56.90000153,61.37215805,62.51114273,57.90000153,64.84507751,68.59999847,67.2492981,69.32051849,74.26999664,71,74.96720123,76.55908966,,55.22927513,63.04567566,71.36140289
Suriname,SUR,95.49437714,95.39738464,95.29281616,95.18300629,95.0703125,94.95707703,91.01983643,94.73888397,94.6392746,94.54961395,91.1975174,94.41093445,94.36734009,94.34358215,94.33763123,94.89523315,95.8163147,96.69633484,97.40000153,97.82541656,98.20477295,99.62406,94.63425827,93.73140106,96.52666016
Slovak Republic,SVK,100,100,100,100,100,100,100,100,100,100,100,100,100,100,100,100,100,100,100,100,100,100,100,100,100
Slovenia,SVN,100,100,100,100,100,100,100,100,100,100,100,100,100,100,100,100,100,100,100,100,100,100,100,100,100
Sweden,SWE,100,100,100,100,100,100,100,100,100,100,100,100,100,100,100,100,100,100,100,100,100,100,100,100,100
Eswatini,SWZ,20.19576263,26.89999962,25.80867004,28.60609627,31.40063667,34.19464111,35.20000076,39.79091263,42.59854126,38.59999847,45.55233765,51.14800644,54.3662262,57.56251526,65,64.01241302,63.43000031,73.5,73.91577911,76.86943817,79.73049927,,32.32952595,54.72581711,70.34552612
Sint Maarten (Dutch part),SXM,100,100,100,100,100,100,100,99.99740601,99.9841156,99.95490265,100,100,100,100,100,100,100,100,100,100,100,100,99.99364243,100,100
Seychelles,SYC,94.08934021,94.40176392,96.09999847,95.00619507,95.30290985,95.59909058,99,96.19971466,96.50952148,96.82926178,97,98.14796448,98.39136505,98,100,100,100,100,100,100,100,92.28187434,95.9037796,98.30786591,100
Syrian Arab Republic,SYR,93.48358917,93.21865082,86.59999847,92.66835785,92.38771057,92.10652924,99.50576019,91.55242157,91.28486633,91.02724457,92.69999695,91.51472473,90.79319,90.1493988,89.97549438,89.81642914,89.66923523,89.53094482,86,89.26921082,89.14031982,,92.38351288,91.02656097,88.857164
Turks and Caicos Islands,TCA,95.59999847,94.87036133,95.16371918,95.45184326,95.73707581,96.02177429,96.30834961,96.59944153,96.89776611,100,100,100,93.09999847,100,100,100,100,100,100,100,99.40000153,92.19098083,96.26503296,98.61999969,100
Chad,TCD,3.179881334,3.527114391,3.866762877,4.201176167,3.5,4.863693714,5.196556568,5.533940792,5.878556252,6.233111382,6.400000095,8.979999542,7.835405827,8.126558304,8.405685425,7.699999809,9.263847351,10.89999962,10.11404037,8.399999619,11.08011723,2.508866882,4.598079348,7.949529839,9.275577354
East Asia & Pacific (IDA & IBRD countries),TEA,91.31751854,91.87512517,92.41041015,92.6300744,93.54875999,93.1440206,94.26314245,94.34570672,94.82656621,95.49835439,95.88092256,96.52620798,96.78446025,96.9863738,97.09817616,97.48572166,97.56669522,98.27341829,98.26531696,98.44227382,98.36447347,,93.38596786,96.65522815,98.00668519
Europe & Central Asia (IDA & IBRD countries),TEC,99.8994526,99.90613156,99.92324953,99.94332453,99.91670645,99.89738668,99.89173092,99.90230026,99.91990926,99.92678232,99.94811631,99.93518583,99.96197962,99.95428133,99.96557293,98.50707931,99.93914382,99.98281942,99.98363605,99.98651433,99.99063694,99.9501866,99.91269741,99.9530272,99.67983858
Togo,TGO,16.95623398,19.60036659,21.3528614,23.10011864,24.84449196,26.58832741,27.89999962,30.08426666,31.8417263,33.60912704,30.79174423,39.70000076,38.99806213,40.83136749,45.70000076,44.64759064,46.76501083,48,50,52.36310959,53.99743271,15.68649998,25.58775196,39.20423508,48.35514221
Thailand,THA,82.09999847,90.45137787,91.08022308,91.7038269,92.32454681,92.94473267,99.14620209,94.193367,94.82717133,98.95999908,99.69999695,99.35183716,99.10862732,99.44057465,99.46194458,99.59999847,99.84996033,99.90000153,99.81999969,99.90000153,100,,92.77314453,99.41259613,99.81399231
Tajikistan,TJK,98.46774292,98.63310242,99,100,98.62709045,99.30000305,98.616539,98.61672211,98.62413788,99,98.67150116,98.71685791,99.09999847,98.86354828,98.9646225,98,99.20831299,99.30000305,99.30000305,99.63320923,99.77929688,97,98.88853378,98.86330566,99.08830566
Turkmenistan,TKM,99.59999847,99.73518372,99.7191925,99.69796753,99.67385101,99.64920044,99.84133148,99.60816193,99.59713745,99.59605408,100,99.87741089,99.89583588,99.91209412,99.93510437,100,99.98989868,99.99624634,100,99.90000153,100,,99.67180786,99.92408905,99.97722931
Latin America & the Caribbean (IDA & IBRD countries),TLA,91.5455918,92.19694388,92.52546205,92.59996923,93.10058573,93.43938246,94.17170074,94.40149253,95.15507918,95.30395588,95.78848333,96.11930505,96.50670616,96.7896316,96.98073652,97.23404987,97.43764657,97.69086958,97.75542,98.04990734,98.47915999,89.71261922,93.44401635,96.43697253,97.63357867
Timor-Leste,TLS,17.59281158,25.60000038,23.96361351,27.70000076,30.31347275,33.48642349,36.66124344,36.59999847,43.02716446,46.22367859,38,52.65736771,55.89995575,59.1623764,62.44260788,67.28153229,76.5,79.77896118,85.38140106,90.79865265,96.1233139,,32.11684074,53.63246155,79.94810944
Middle East & North Africa (IDA & IBRD countries),TMN,91.46414159,91.70081592,91.60101195,92.54207355,92.44510093,93.14609904,95.32532546,93.32436318,93.95321627,94.04681907,95.00950078,95.06084219,94.56141339,96.55072487,95.35916832,95.88383135,96.25042889,97.26737241,95.58964961,96.71312705,96.86138531,,92.9548967,95.30832991,96.34088186
Tonga,TON,85.57862854,86.29362488,87.0010376,87.70321655,88.4025116,89.10126495,92.30000305,90.50704193,91.21942902,91.94174957,92.67671967,92.17545319,92.80000305,94.98366547,95.78970337,100,97.01999664,98.36157227,99.13256836,98.40000153,100,82.76063538,89.00485077,93.68510895,98.58282776
South Asia (IDA & IBRD),TSA,56.24021675,54.17233226,59.85436622,61.48851054,61.81603618,64.81300738,65.85873623,68.02852297,70.32845906,72.36296611,73.18945144,67.05361626,77.48938986,78.71407365,80.75984492,84.6089876,86.29912812,89.39993503,92.71301579,94.04364038,95.78428943,50.35983215,63.49631537,75.44127523,89.41294138
Sub-Saharan Africa (IDA & IBRD countries),TSS,25.57185459,26.07713944,27.26715011,29.49665244,29.33974272,29.28949927,30.79587684,32.4170601,32.30820939,32.48723402,33.30252213,35.87625828,36.81615523,37.94794172,38.29346278,39.07374706,43.75128699,43.73162988,46.37067224,47.1047724,48.35107879,28.71431771,29.50504189,36.44726803,44.00642171
Trinidad and Tobago,TTO,91.29000092,96.93202209,97.12314606,97.309021,97.49201965,97.67447662,100,100,100,99,100,100,100,100,100,100,100,100,100,100,100,,97.68206863,100,100
Tunisia,TUN,94.80000305,97.30000305,97.80000305,98.40000153,99,99.30000305,99.40000153,99.40000153,99.40000153,99.5,99.5,99.5,99.5,99.69999695,99.80000305,99.90000153,100,100,99.80000305,100,100,90.88333333,98.43000183,99.6,99.94000092
Turkiye,TUR,100,100,100,100,99.99799347,99.98703003,99.96072388,99.923172,99.88085938,99.85087585,100,100,100,100,100,100,100,100,100,100,100,,99.96006546,100,100
Tuvalu,TUV,94.63067627,94.83582306,94.62978363,95.22571564,95.41516113,95.60407257,95.79484558,96.69999695,96.19268036,96.40515137,96.63027191,96.87075043,97.67177582,97.4076767,97.70385742,98.01488495,97.30000305,98.85383606,99.06538391,99.69999695,99.68923187,,95.54339066,97.25686646,98.58682098
Tanzania,TZA,8.916726112,9.861008644,10.7977066,11.10000038,11.39999962,13.58578587,14.51569843,15.45013237,11.5,11.19999981,14.80000019,14.19999981,15.30000019,16.39999962,23.5,26.17063713,32.79999924,32.25117493,35.04802322,37.65968704,39.90000153,5.931532526,11.83270578,16.83999996,32.78590431
Uganda,UGA,7.351130486,8.600000381,7.800000191,10.56355381,11.62545681,8.899999619,9,14.81782246,15.89281368,10,12.10000038,14.60000038,20.31927109,13.89999962,20.39999962,18.5,26.70000076,32.5211525,41.91999817,41.29999924,42.07441711,4.423470918,10.45507774,16.26385422,32.18823013
Ukraine,UKR,100,100,100,100,100,99.88555908,100,99.80000305,100,100,100,100,99.86749268,100,100,100,100,100,100,100,100,100,99.96855621,99.97349854,100
Upper middle income,UMC,95.59409252,96.08618506,96.46502926,96.68351594,96.93880101,97.19287395,97.61857124,97.67514809,97.97847386,98.26358953,98.69230436,98.83637632,99.02267336,99.08953955,99.12690623,98.8968878,99.18525079,99.26673501,99.23690771,99.30921926,99.37388382,,97.04962805,98.95355996,99.17900011
Uruguay,URY,97.67686462,97.78539276,97.88632965,97.98204041,98.07485962,98.16714478,98.5054245,98.69263458,98.78435516,99.09999847,99.30000305,99.16999817,99.59999847,99.61180878,99.6570816,99.70948029,99.69999695,99.80000305,99.80000305,99.90000153,100,96.67514782,98.26550446,99.46777802,99.78189697
United States,USA,100,100,100,100,100,100,100,100,100,100,100,100,100,100,100,100,100,100,100,100,100,100,100,100,100
Uzbekistan,UZB,99.59326935,99.63010406,99.69999695,99.68336487,99.70449829,99.7250824,99.49009705,99.77453613,99.80874634,99.85290527,99.91288757,99.96144104,99.98982239,99.99887085,100,100,100,100,100,100,100,99.48580208,99.69626007,99.97260437,100
St. Vincent and the Grenadines,VCT,79.8817749,82.41000366,82.46812439,83.75227356,85.03353119,86.31426239,87.59685516,88.79000092,90.17832947,91.48262024,92.79956055,94.13185883,95.48222351,96.85241699,98.24042511,99.6432724,99.80084229,99.97770691,100,100,100,73.04479523,85.79077759,95.501297,99.88436432
"Venezuela, RB",VEN,98.90000153,99.90000153,99.80000305,95.69999695,99.09999847,98.85616302,99.30000305,98.88817596,98.9136734,98.94910431,99.0549469,98.83999634,99.20807648,99.25721741,100,100,99.40000153,99.19999695,99.91120148,99.97681427,100,98.48340001,98.83071213,99.27204742,99.69760284
British Virgin Islands,VGB,97.41269684,97.52282715,97.62536621,97.72267151,97.8170929,97.91098022,98.00672913,98.10700989,98.21451569,98.33197021,98.30000305,98.65729523,98.85016632,99.02111053,99.18002319,100,100,100,100,100,100,95.57367249,97.86718597,98.80171967,100
Virgin Islands (U.S.),VIR,100,100,100,100,100,100,100,100,100,100,100,100,100,100,100,100,100,100,100,100,100,100,100,100,100
Vietnam,VNM,87.82841492,88.60747528,89.09999847,90.14519501,90.90854645,96.09999847,96,93.20526886,93.98171234,96.09999847,97.43000031,99,97.88999939,98.55496216,99.19999695,99.82130432,99.19999695,100,100,99.40000153,100,83.85680847,92.19766083,98.41499176,99.68426056
Vanuatu,VUT,22.14307976,23.94388008,25.73709869,27.52507973,29.31017494,31.09473419,26.44000053,33.62461853,36.47030258,33.29111481,44.09999847,41.93532944,43.78952789,31.70000076,49.05744553,52.20510101,57.81999969,62.79999924,61.75451279,64.59018707,67.33326721,16.65943362,28.95800838,42.11646042,59.83395996
World,WLD,78.22395463,77.87494101,79.33657706,79.93478358,80.15175114,80.6479872,81.3562841,81.84757715,82.47616369,82.84904669,83.22254079,82.16658347,84.74071019,85.24041634,85.64832118,86.61951985,87.69689883,88.59405173,89.56653173,90.01178471,90.52156921,74.05748339,80.46990663,84.20371439,88.49775737
Samoa,WSM,87.85782623,88.58464813,89.30387878,90.0178833,90.72899628,91.43956757,96.37172699,92.86898804,98.09999847,97.90000153,96.36105347,96.66857147,96.82693481,97.41653442,97.90000153,99.06708527,99.62329102,96.80000305,99.99447632,99.19999695,100,83.39487,92.31735153,97.03461914,98.93697052
Kosovo,XKX,,,,,,,,,,,99,,99.75,99.75,99.68000031,99.86000061,99.80000305,99.80000305,,100,,100,,99.54500008,99.86500168
"Yemen, Rep.",YEM,49.18725586,50.34123993,51.48763657,52.62880325,49.59000015,54.90481949,55.80033493,57.18856812,58.33993149,59.50123978,60.67519379,61.86450577,52.40999985,75.59999847,66.09999847,67.31092834,68.8595047,79.19999695,62,72.75107574,73.75792694,43.98063602,53.89698296,63.32993927,70.02430115
South Africa,ZAF,72.28246307,70.19999695,76.69999695,78.80000305,80.90000153,80.80000305,80.69999695,82,81.90000153,82.59999847,82.90000153,83.59999847,85.30000305,85.19999695,85.90000153,85.30000305,83.90000153,84.40000153,84.69999695,85,84.38553619,65.82878494,78.68824615,84.58000031,84.66000061
Zambia,ZMB,16.70000076,20.17238617,17.39999962,18.5,20.29999924,23.32130814,24.10725784,18.5,25.69542885,26.50307083,22,28.15900993,29.01272583,29.88627243,27.89999962,31.10000038,35.42545319,40.29999924,40.31789017,43,44.5244751,16.26286453,21.11994514,27.39160156,38.02866859
Zimbabwe,ZWE,33.65488815,34.17284393,34.20000076,35.18835068,35.69060135,36.19231415,37.20000076,37.20401001,37.71934509,43.3690834,38.78255081,36.90000153,44,40.49837494,32.29999924,33.70000076,42.56172943,44.17863464,45.57264709,46.78147507,52.74766922,31.99700012,36.45914383,38.4961853,42.5588974
