Country Name,Country Code,_2000,_2001,_2002,_2003,_2004,_2005,_2006,_2007,_2008,_2009,_2010,_2011,_2012,_2013,_2014,_2015,_2016,_2017,_2018,_2019,_2020,_90s,_2000s,_2010_14,_2015_19
Aruba,ABW,100,100,100,100,100,100,100,100,100,100,100,100,100,100,100,100,100,100,100,100,100,99.98805542,100,100,100
Africa Eastern and Southern,AFE,53.56319587,53.15022415,55.3004286,56.25335406,57.02329382,58.11894773,58.68498313,60.85193154,59.00400758,61.35670093,63.2467473,66.16399799,66.94527715,67.11220628,66.28342637,67.08023452,69.13229242,70.92856716,71.86613607,73.33284204,73.94294905,,57.33070674,65.95033102,70.46801444
Afghanistan,AFG,72.13346863,73.59903717,75.0632782,76.53313446,78.01555634,74,81.04376984,82.59082031,89.90000153,85.72447205,82.80000305,86.56777954,95,92.25904846,98.69999695,92.5,99.5,99.5,99.62602234,99.5,99.5,,78.86035385,91.0653656,98.12520447
Africa Western and Central,AFW,71.54412771,72.29263132,72.28655482,73.2778409,73.24403271,73.9365619,74.5985086,76.18957257,75.61170253,75.44129376,74.26513966,79.3852167,78.69909733,78.8486137,79.52923505,78.2478757,81.57151742,,,,83.22006494,74.41121499,73.84228268,78.14546049,79.90969656
Angola,AGO,44.81760406,30,47.58462906,48.97309875,50.37413025,51.7946701,53.23956299,66.09999847,61.31000137,57.67609406,73.71856689,82.5,70.46347046,68.66222382,51,64,67.9733963,69.41117096,65.26999664,72.27718353,73.70891571,,51.18697891,69.26885223,67.78634949
Albania,ALB,100,100,100,100,100,100,100,100,100,100,100,100,99.90000153,100,100,100,100,100,100,100,100,100,100,99.98000031,100
Andorra,AND,100,100,100,100,100,100,100,100,100,100,100,100,100,100,100,100,100,100,100,100,100,100,100,100,100
Arab World,ARB,94.8621022,94.3297878,94.3291079,94.51278596,94.61584454,94.56927303,95.33591933,95.09251052,94.38758704,95.06165726,96.87082794,96.99940188,96.98007919,97.23905702,96.85610096,97.02131295,97.26179897,97.48365836,97.58123691,98.27828695,97.54039702,,94.70965756,96.9890934,97.52525883
United Arab Emirates,ARE,100,100,100,100,100,100,100,100,100,100,100,100,100,100,100,100,100,100,100,100,100,100,100,100,100
Argentina,ARG,96.4752121,96.63759613,96.79866028,96.96533966,97.14458466,97.34333801,97.5664444,97.81031036,98.06926727,98.33760834,99.09142303,99.41663361,99.67237091,99.78914642,100,99.86068726,99.94213104,100,100,100,100,95.30442581,97.31483612,99.59391479,99.96056366
Armenia,ARM,99.09999847,100,99.28139496,99.25617981,99.24353027,99.90000153,99.28160095,99.33358002,99.40063477,99.47708893,99.69999695,99.63542938,99.7906723,99.41000366,99.66000366,100,99.80000305,99.80000305,99.90000153,100,99.95941162,,99.42740097,99.63922119,99.90000153
American Samoa,ASM,,,,,,,,,,,,,,,,,,,,,,,,,
Antigua and Barbuda,ATG,100,99.99794006,100,99.95860291,99.92212677,100,100,100,100,99.94515991,99.97457123,99.99261475,100,100,100,100,100,100,100,100,100,100,99.98238297,99.99343719,100
Australia,AUS,100,100,100,100,100,100,100,100,100,100,100,100,100,100,100,100,100,100,100,100,100,100,100,100,100
Austria,AUT,100,100,100,100,100,100,100,100,100,100,100,100,100,100,100,100,100,100,100,100,100,100,100,100,100
Azerbaijan,AZE,99.70492554,99.56578064,100,99.55426788,99.56388855,99.59300995,99.80000305,99.72073364,99.81005859,99.90085602,99.9653244,99.90000153,100,100,100,100,100,100,100,100,100,99.55514526,99.72135239,99.97306519,100
Burundi,BDI,50.63116837,50.76617813,50.8998642,51.03916931,51.19103622,45.04950333,51.5581398,51.77463531,39.59999847,52.24717712,49,52.73455429,58.5,52.40000153,52.09999847,57.12614059,58.60169983,61.79999924,61.42993164,62.59404373,63.67844009,55.56990128,49.47568703,52.94691086,60.31036301
Belgium,BEL,100,100,100,100,100,100,100,100,100,100,100,100,100,100,100,100,100,100,100,100,100,100,100,100,100
Benin,BEN,47.46887207,49.59999847,49.2144165,50.09214401,50.98243713,51.89223862,56.59999847,53.78130722,54.75130844,55.73070145,65.40000153,67,68.59999847,61.05483246,55.79999924,51.66999817,62.45282364,54.20000076,64.3030777,65.22438812,66.14538574,42.87096748,52.01134224,63.57096634,59.57005768
Burkina Faso,BFA,40.3424263,41.44242859,42.54110718,52.40000153,44.76226807,45.89863968,47.0593605,48.24084854,49.43741608,44.40999985,48.5,53.06074524,54.26076889,55.4487114,58.40000153,58.00947571,59.72346115,61.46657562,62.29999924,64.43108368,65.75390625,35.4414784,45.65344963,53.93404541,61.18611908
Bangladesh,BGD,81.19999695,77.6078949,78.6517334,79.70118713,76.59999847,82.61000061,77.7991333,82.09999847,85.21899414,86.37011719,90.09999847,90.19999695,90.61813354,88,90.69999695,93.44181824,94.01000214,99.5,96.5,97.80000305,97.80000305,71.35973505,80.78590546,89.92362518,96.25036469
Bulgaria,BGR,100,100,100,100,100,100,100,100,100,100,100,100,100,100,100,100,100,100,100,100,99.80000305,100,100,100,100
Bahrain,BHR,100,100,100,100,100,100,100,100,100,100,100,100,100,100,100,100,100,100,100,100,100,100,100,100,100
"Bahamas, The",BHS,100,100,100,100,100,100,100,100,100,100,100,100,100,100,100,100,100,100,100,100,100,100,100,100,100
Bosnia and Herzegovina,BIH,100,100,99.30000305,100,100,100,99.71469116,100,100,100,100,99.76393127,100,100,100,100,100,100,100,100,100,100,99.90146942,99.95278625,100
Belarus,BLR,100,100,100,100,100,100,100,100,100,100,100,100,100,100,100,100,100,100,100,100,100,100,100,100,100
Belize,BLZ,95,95.61405945,95.69219208,95.77594757,95.87226868,95.98809814,98.06713867,96.28922272,96.46524811,96.65067291,96.99964142,96.31336212,97.20643616,97.3738327,97.52978516,96.90000153,97.81497955,97.96857452,97.90000153,98.48000336,98.33164978,94.86908722,96.14148483,97.08461151,97.8127121
Bermuda,BMU,100,100,100,100,100,100,100,100,100,100,100,100,100,100,100,100,100,100,100,100,100,100,100,100,100
Bolivia,BOL,95.8121109,94.21113586,88.57920837,94,96.1399765,89.92088318,95.17073059,98.19528198,99.22794342,98.87411499,98.81232452,99.07926178,99.23293304,99.52007294,99.31084442,99.46434784,99.5,99.40000153,99.5,99.48000336,100,95.55286028,95.01313858,99.19108734,99.46887054
Brazil,BRA,99.02290344,99.21511841,99.42699432,99.50418091,99.58530426,99.63481903,99.70874023,99.78144836,99.82174683,99.85167694,99.80000305,99.8985672,99.92742157,99.93501282,99.94555664,99.95619965,99.90000153,99.90000153,99.90000153,100,100,98.47993728,99.55529327,99.90131226,99.93124084
Barbados,BRB,100,99.98738861,100,100,99.86257172,99.83374023,100,100,100,100,100,100,100,100,100,100,100,100,100,100,100,100,99.96837006,100,100
Brunei Darussalam,BRN,100,100,100,100,100,100,100,100,100,100,100,100,100,100,100,100,100,100,100,100,100,100,100,100,100
Bhutan,BTN,96.73999786,97.08712006,97.20254517,97.40000153,97.45719147,96.77638245,97.78777313,98.73000336,98.19932556,98.42203522,99.30555725,99.37976074,99.59999847,99.46709442,99.48758698,99.67128754,99.8473587,99.09999847,99.99046326,100,100,,97.58023758,99.44799957,99.72182159
Botswana,BWA,39.09834671,37,44.14004898,46.66585541,49.20422745,51.76210785,54.34433746,56.9473381,60.09999847,60.75999832,68.1186676,69.12999725,72.68267822,74.79098511,76.74459076,79.58000183,80.95130157,84,85.59798431,88.16737366,90.7364502,26.39122751,50.00222588,72.29338379,83.65933228
Central African Republic,CAF,15.60000038,13.82988262,14.74490547,15.66554642,16.59875298,17.5514679,20.26367188,19.52636337,11.85999966,21.56158257,24.89999962,26.05896759,27.08168411,27.96544456,28.69450188,29.46804047,30.45211792,31.46532249,32.29737854,32.09999847,33.56291962,10.08709869,16.72021732,26.94011955,31.15657158
Canada,CAN,100,100,100,100,100,100,100,100,100,100,100,100,100,100,100,100,100,100,100,100,100,100,100,100,100
Central Europe and the Baltics,CEB,100,100,100,100,100,100,100,100,100,100,100,100,100,100,100,100,99.91709517,100,100,100,99.98357977,100,100,100,99.98341903
Switzerland,CHE,100,100,100,100,100,100,100,100,100,100,100,100,100,100,100,100,100,100,100,100,100,100,100,100,100
Channel Islands,CHI,100,100,100,100,100,100,100,100,100,100,100,100,100,100,100,100,100,100,100,100,100,100,100,100,100
Chile,CHL,99.78211212,99.50447083,99.47129822,99.70750427,99.42875671,99.43327332,99.81494904,99.51177979,99.57649231,99.86903381,99.72842407,99.85691071,100,99.80000305,100,99.87686157,100,99.80000305,100,100,100,99.36225409,99.60996704,99.87706757,99.93537292
China,CHN,100,99.79286957,99.76367188,99.74009705,99.7290802,99.73757935,99.77042389,99.82403564,99.89273071,99.95124817,100,99.99817657,100,100,100,100,100,100,100,100,100,,99.82017365,99.99963531,100
Cote d'Ivoire,CIV,81.54550934,82.13137054,82.71591187,83.30606842,83.90879059,86.40000153,91.22701263,85.84494781,88.76999664,87.21920013,87.91472626,88.09999847,88.09999847,89.96796417,90.63031769,86.5,92,92.56778717,93.20343781,93.83718109,94.47060394,78.84100113,85.30688095,88.94260101,91.62168121
Cameroon,CMR,79,83.95034027,78.53894043,79.33648682,77.09999847,80.97621155,73,90.40000153,83.59473419,84.49394226,87.3780365,87.5,88.2696991,88.5418396,89.19999695,89.80220795,90.65477753,91.50163269,90,93.18579865,94.02661133,72.43887922,81.03906555,88.17791443,91.02888336
"Congo, Dem. Rep.",COD,20,23.84301186,25.32820892,26.81902313,28.32240105,30,31.39252472,36.59999847,34.54361343,36.13609314,37.73228073,39.32649231,40.79999924,42.48749161,42,36.44277573,38.04213333,39.551754,40.51482391,41.18114853,40.65993118,,29.29848747,40.46925278,39.1465271
"Congo, Rep.",COG,45.99071121,46.93104172,47.87004089,48.81466293,49.77184677,50.79999924,51.7495842,52.77139282,53.80828476,53.59999847,56.94135284,58.05186462,58.90000153,59.99497223,60.7423439,61.53419876,62.53659058,63.5681076,64.41847992,65.10942841,66.00507355,,50.2107563,58.92610703,63.43336105
Colombia,COL,99.40000153,99.91000366,99.1968689,99.1884613,99.19262695,99.30000305,99.26432037,99.33310699,99.71327972,99.60704803,99.77147675,99.78850555,99.72610474,99.82022858,99.83836365,99.80971527,99.80000305,99.90000153,99.90000153,100,100,98.93097931,99.41057205,99.78893585,99.88194427
Comoros,COM,64.32091522,66.0304184,74.59999847,69.45238495,71.17874146,72.92461395,74.69482422,76.48580933,78.29187775,80.10733795,84.86328125,84.91187286,85.09999847,87.3506546,89.13665009,90.9131012,92.68192291,94.44502258,96.20431519,97.96169281,99.71875,58.55675335,72.80869217,86.27249146,94.44121094
Cabo Verde,CPV,81.86114502,82.43199158,81.27494049,83.57666016,84.16436768,85,85.40315247,86.05548859,86.72290802,87.39971161,90.62070465,91.09709167,91.50092316,91.76580048,91.87596893,92.03062439,92.39582062,92.79013824,93.2488327,93.5,94.48597717,,84.38903656,91.37209778,92.79308319
Costa Rica,CRI,99.80000305,99.87410736,99.86346436,99.88254547,99.84706879,99.89461517,99.93041992,99.9171524,99.92409515,99.92992401,99.74643707,99.96448517,99.98336792,99.93994904,99.70480347,99.92992401,99.80000305,99.80000305,99.90000153,99.91999817,99.94000244,,99.88633957,99.86780853,99.86998596
Caribbean small states,CSS,94.59763245,95.36988078,95.33866527,95.23704263,95.45267184,95.30299333,95.52450034,96.27995044,98.5243763,96.99085312,97.12865628,97.64494089,97.97716156,97.72078416,97.82536508,98.39479364,99.17313434,99.40675506,99.55316281,99.61851411,99.63837863,91.82950744,95.86185665,97.65938159,99.22927199
Cuba,CUB,100,99.77854919,99.72693634,99.68093872,99.64750671,99.63358307,99.64401245,99.67520142,99.72148132,99.77714539,99.83652496,99.8939209,99.93746185,99.97227478,99.99180603,99.9988327,100,100,100,99.90000153,100,,99.72853546,99.92639771,99.97976685
Curacao,CUW,100,100,100,100,100,100,100,99.60758972,99.6634903,99.72878265,100,100,100,100,100,100,100,100,100,100,100,99.73400497,99.89998627,100,100
Cayman Islands,CYM,100,100,100,100,100,100,100,100,100,100,100,100,100,100,100,100,100,100,100,100,100,99.96888199,100,100,100
Cyprus,CYP,100,100,100,100,100,100,100,100,100,100,100,100,100,100,100,100,100,100,100,100,100,100,100,100,100
Czech Republic,CZE,100,100,100,100,100,100,100,100,100,100,100,100,100,100,100,100,100,100,100,100,100,100,100,100,100
Germany,DEU,100,100,100,100,100,100,100,100,100,100,100,100,100,100,100,100,100,100,100,100,100,100,100,100,100
Djibouti,DJI,56.47273254,57.170578,56.90000153,58.56923676,59.28393936,60.01815033,62.40000153,61.55604172,62.35044861,63.15425491,63.96176529,64.76730347,64.24208069,66.35094452,67.12528229,67.89008331,68.64724731,,70.62119293,71.42930603,72.15770721,54.67525578,59.78753853,65.28947525,69.6469574
Dominica,DMA,,,,,,,,,,,,,,,,,,,,,,,,,
Denmark,DNK,100,100,100,100,100,100,100,100,100,100,100,100,100,100,100,100,100,100,100,100,100,100,100,100,100
Dominican Republic,DOM,96.57286072,96.94949341,96.67467499,95.0377655,95.52470398,95.18495941,94.38929749,99.60690308,99.57231903,99.73281097,99.76715851,99.71957397,99.65170288,99.8835907,99.85990906,99.82724762,99.90000153,100,99.59999847,99.59999847,100,96.35654009,96.92457886,99.77638702,99.78544922
Algeria,DZA,99.44464874,99.40622711,99.36647797,99.33235168,99.31078339,99.30873108,99.33102417,99.37408447,100,99.49976349,99.57100677,99.64027405,99.25673676,99.75138092,99.7894516,99.81797791,99.83888245,99.85405731,99.93395233,99.80000305,99.88401031,,99.43740921,99.60177002,99.84897461
East Asia & Pacific (excluding high income),EAP,98.21817733,98.16339433,98.24000257,98.62235768,98.38151081,98.46409164,98.59804349,98.85905118,98.94866869,97.99020152,98.18465074,98.29234702,98.35473746,98.46204986,98.54314562,98.67441269,98.78061518,98.84882315,98.91798974,98.97502302,98.9968915,,98.44854992,98.36738614,98.83937276
Early-demographic dividend,EAR,92.75077825,92.19176914,93.01998495,93.47225551,93.44393549,93.87360765,94.45336429,94.64089581,95.08824604,96.22061116,95.7821448,95.65442621,96.77976059,96.88516886,97.2980405,97.45490459,97.86223655,98.51738327,98.50688863,98.8211244,98.92910021,90.57816406,93.91554483,96.47990819,98.23250749
East Asia & Pacific,EAS,98.58441954,98.53483916,98.59018814,98.89178328,98.69247453,98.75386078,98.85797713,99.0669223,99.13713413,98.33956916,98.49477644,98.57819642,98.62433845,98.70876395,98.77214334,98.87871808,98.96500905,99.01958652,99.07567183,99.12195843,99.13826766,,98.74491681,98.63564372,99.01218878
Europe & Central Asia (excluding high income),ECA,99.97117338,99.97171015,99.97642825,99.97308114,99.86577491,99.84921551,99.84543793,99.87504883,99.89761572,99.91969207,99.98344668,99.9809313,99.98417736,99.98048341,99.98776793,97.96902778,99.98820629,99.99115678,99.989258,99.98648236,99.98226543,99.99229019,99.91451779,99.98336134,99.58482624
Europe & Central Asia,ECS,99.98842661,99.98865894,99.99057168,99.98925568,99.9465281,99.94003695,99.9386225,99.95043167,99.9593917,99.96812137,99.99341776,99.99239083,99.99367385,99.99218211,99.99509102,99.18326036,99.98711648,99.99642957,99.99565577,99.99452286,99.99280447,99.99731611,99.96600452,99.99335112,99.83139701
Ecuador,ECU,99.18326569,99.16448212,99.14437103,99.29113007,99.12794495,99.66875458,99.52588654,99.63354492,99.58668518,98.98438263,99.71504974,99.78308105,99.62886047,99.54737091,99.83164215,99.86940765,99.80000305,100,99.69999695,99.83999634,99.66000366,98.99768701,99.33104477,99.70120087,99.8418808
"Egypt, Arab Rep.",EGY,99.5,99.31825256,99.29678345,99.69999695,99.80428314,99.80000305,99.33442688,99.39576721,99.90000153,99.55799866,99.67411041,99.73505402,99.53282166,99.88272095,99.90000153,99.09999847,99.99266052,99.99911499,100,100,100,99.10936813,99.56075134,99.74494171,99.8183548
Euro area,EMU,100,100,100,100,100,100,100,100,100,100,100,100,100,100,100,100,100,100,100,100,100,100,100,100,100
Eritrea,ERI,79.22663116,79.02005768,78.30000305,78.60987091,78.42015839,78.24994659,78.10409546,77.97900391,77.86898804,77.76837921,77.67147064,77.57258606,77.46603394,77.34738922,77.21730804,77.07769012,76.93043518,76.77745819,76.62067413,76.4619751,76.30296326,79.86956818,78.35471344,77.45495758,76.77364655
Spain,ESP,100,100,100,100,100,100,100,100,100,100,100,100,100,100,100,100,100,100,100,100,100,100,100,100,100
Estonia,EST,100,100,100,100,100,100,100,100,100,100,100,100,100,100,100,100,100,100,100,100,100,100,100,100,100
Ethiopia,ETH,76.19999695,79.2469635,79.89573669,80.55013275,81.21709442,85.69999695,82.61438751,83.34597015,84.09263611,84.84870148,85.60847473,85.19999695,87.11638641,87.85442352,91.98252106,85,85.40000153,96.59999847,91.92124939,92.62444305,93.2479248,,81.77116165,87.55236053,90.30913849
European Union,EUU,100,100,100,100,100,100,100,100,100,100,100,100,100,100,100,100,99.9839161,100,100,100,99.99687085,100,100,100,99.99678322
Fragile and conflict affected situations,FCS,78.28046755,78.44310714,78.58844579,78.66668737,78.8791859,79.20792961,79.27733967,80.71474217,79.55982002,80.07262564,80.94274087,82.68228455,82.66513361,82.68877531,83.01817326,81.55940548,82.98107631,82.8741683,82.2603342,83.46189128,83.47494742,,79.16903509,82.39942152,82.62737512
Finland,FIN,100,100,100,100,100,100,100,100,100,100,100,100,100,100,100,100,100,100,100,100,100,100,100,100,100
Fiji,FJI,91.44167328,91.85527802,92.05000305,92,93.11589813,93.56586456,94.04017639,94.53526306,96.47000122,95.56498718,96.08824921,96.60953522,97.12316132,97.26000214,98.11478424,98.59533691,99.06825256,99.5354538,99.82519531,99.97067261,100,90.28851891,93.46391449,97.03914642,99.39898224
France,FRA,100,100,100,100,100,100,100,100,100,100,100,100,100,100,100,100,100,100,100,100,100,100,100,100,100
Faroe Islands,FRO,100,100,100,100,100,100,100,100,100,100,100,100,100,100,100,100,100,100,100,100,100,100,100,100,100
"Micronesia, Fed. Sts.",FSM,70,72.10547638,73.33535767,74.57085419,75.81892395,77.08649445,78.37841797,79.6911087,81.01888275,82.35604858,84.59127808,85.65329742,86.5388031,87.68618774,88.99388885,90.29204559,91.58258057,92.86738586,94.14837646,95.42746735,96.70623016,,76.43615646,86.69269104,92.86357117
Gabon,GAB,90.19999695,91.37936401,91.69391632,92.01409912,92.3468399,93.19999695,93.07568359,93.47305298,93.88550568,94.30734253,95.95653534,96.23373413,98.09999847,94.30000305,96.42429352,96.75140381,97.1266098,97.81999969,97.861763,98.2255249,98.58896637,,92.5575798,96.2029129,97.55706024
United Kingdom,GBR,100,100,100,100,100,100,100,100,100,100,100,100,100,100,100,100,100,100,100,100,100,100,100,100,100
Georgia,GEO,99.91777039,99.86647797,100,100,99.93000031,98.31919098,100,100,100,100,100,100,100,100,100,100,100,100,99.80000305,100,100,,99.80334396,100,99.96000061
Ghana,GHA,80.5,79.00682068,79.58102417,76.90000153,80.75324249,78.44000244,80.72065735,82.65840912,84.80000305,84.01200104,72.80000305,84.95149231,86.76000214,88.5,90.80000305,88.07102966,89.80000305,90,89.90000153,93.80000305,94.71047974,76.78127398,80.73721619,84.76230011,90.31420746
Gibraltar,GIB,100,100,100,100,100,100,100,100,100,100,100,100,100,100,100,100,100,100,100,100,100,100,100,100,100
Guinea,GIN,55.8693161,57.41962814,58.9686203,60.52322769,62.09039688,63.79999924,65.28810883,66.91990662,68.56678772,70.22306061,71.88304138,73.54103851,74.19999695,76.8817749,78.45642853,80.07369995,82.19999695,83.55440521,86.69999695,86,88.08341217,53.8,62.96690521,74.99245605,83.70561981
"Gambia, The",GMB,51.15999985,51.00473785,52.46678925,53.93445969,55.41469574,54.43685913,58.43852997,59.98339081,61.54333496,63.1126709,64.68571472,66.2567749,67.82017517,67,70.91135406,72.44168854,73.96438599,79.40000153,,,80.63490295,43.50993402,56.14954681,67.33480377,75.26869202
Guinea-Bissau,GNB,23.9507637,24.19966507,24.44723701,24.70042992,24.96618462,25.25145149,34.40040588,25.89144707,26.23691177,26.59176826,11.80000019,27.30692101,27.65584183,27.99267578,33.09999847,35.37715912,39.72172546,44.09542084,48.2879715,52.3210907,56.27449417,,26.06362648,25.57108746,43.96067352
Equatorial Guinea,GNQ,94.59363556,94.35191345,94.10886383,93.87142944,93.64656067,93.44120789,93.2602005,93.09996033,92.95479584,92.81903076,93.11724854,93.09999847,92.41123199,92.25744629,92.09220886,91.91744232,91.73503876,91.54691315,91.35497284,91.16112518,90.96696472,,93.61475983,92.59562683,91.54309845
Greece,GRC,100,100,100,100,100,100,100,100,100,100,100,100,100,100,100,100,100,100,100,100,100,100,100,100,100
Grenada,GRD,,,,,,,,,,,,,,,,,,,,,,,,,
Greenland,GRL,100,100,100,100,100,100,100,100,100,100,100,100,100,100,100,100,100,100,100,100,100,100,100,100,100
Guatemala,GTM,95.39783478,93.24887848,95.71096802,96.03089905,93.74276733,93.93716431,94.40666199,94.39540863,94.6499939,94.91397858,95.18166351,94.60327911,95.70542145,95.9513855,94.46313477,96.41087341,96.6282196,96.83984375,97.0476532,97.25354767,97.45913696,91.55429443,94.64345551,95.18097687,96.83602753
Guam,GUM,100,100,100,100,100,100,100,100,100,100,100,100,100,100,100,100,100,100,100,100,100,99.97329636,100,100,100
Guyana,GUY,87.18975067,87.30096436,87.4108429,87.5263443,87.65440369,81.59999847,82.41903687,88.16658783,88.37435913,90.90000153,92.32691193,93.01670074,93.63700867,94.11836243,94.40000153,94.81613922,95.39781189,96.00860596,96.43825531,96.70847321,96.89897919,87.20703257,86.85422897,93.49979706,95.87385712
High income,HIC,99.9872307,99.98218165,99.98158303,99.98509427,99.98107547,99.98139657,99.9885878,99.98419647,99.98592364,99.99116856,99.99080856,99.99182303,99.99580852,99.99127658,99.99631809,99.99473489,99.99156104,99.99407089,99.99772554,99.9983898,99.99906183,99.97923977,99.98484382,99.99320696,99.99529643
"Hong Kong SAR, China",HKG,100,100,100,100,100,100,100,100,100,100,100,100,100,100,100,100,100,100,100,100,100,100,100,100,100
Honduras,HND,94.44295502,94.69595337,93.14065552,94.46618652,95.8866272,96.04257965,96.8561554,97.53937531,97.96064758,97.92108154,98.75944519,99.17497253,98.48667145,98.98967743,98.76234436,98.8976593,99.09999847,97.80000305,98.90000153,99,100,92.92815289,95.89522171,98.83462219,98.73953247
Heavily indebted poor countries (HIPC),HPC,54.61616077,55.22114645,55.88888898,56.67200292,58.22313367,59.11013034,60.15556984,61.80663792,60.84822826,62.76831437,64.19139231,66.76040746,68.86738238,69.26131051,70.55713762,69.62126684,71.72244271,73.49584616,74.259952,75.98968032,76.59169554,58.18969608,58.53102135,67.92752606,73.01783761
Croatia,HRV,100,100,100,100,100,100,100,100,100,100,100,100,100,100,100,100,100,100,100,100,100,100,100,100,100
Haiti,HTI,81.90000153,62.46408081,69.52187347,50.38757324,69.72888184,69.85817719,68.90000153,70.18623352,70.37573242,70.57462311,70.77721405,71.48587036,72.59999847,73.73788452,74.63970947,75.58602142,76.40000153,77.92884064,78.93367004,79.77906036,80.5447464,70.54340973,68.38971786,72.64813538,77.7255188
Hungary,HUN,100,100,100,100,100,100,100,100,100,100,100,100,100,100,100,100,100,100,100,100,100,100,100,100,100
IBRD only,IBD,96.75830334,96.36882569,96.86901643,97.13111885,97.10477075,97.23916541,97.65411256,97.71571778,97.87778843,98.4343597,98.2480449,98.16348354,98.64560749,98.73888992,98.72389625,98.7090673,99.10857107,99.24414462,99.27468939,99.46786434,99.52584801,,97.3153179,98.50398442,99.16086734
IDA & IBRD total,IBT,93.04760044,92.68289719,93.15170024,93.40582051,93.39770998,93.6450761,93.97652985,94.20899225,94.26972243,94.84607191,94.71919908,95.03226515,95.49972909,95.51515053,95.58669813,95.47734714,96.1200254,96.77475709,96.94247351,97.23211569,96.7635537,,93.66321209,95.2706084,96.50934377
IDA total,IDA,72.28196818,72.31825249,72.86647489,73.32804552,73.6663592,74.7590332,74.91034215,76.33534767,76.14795573,77.08369482,77.50586335,79.96567876,80.54832542,80.38205769,81.0478922,80.71051658,82.66221336,83.67585457,83.99325599,85.1825132,85.1166143,74.57038053,74.36974739,79.88996348,83.24487074
IDA blend,IDB,86.49002445,86.92529997,86.75036257,87.07290971,86.97035138,87.37033208,87.20315626,89.21628823,88.50417392,88.53353565,86.68739959,90.26793481,89.36595051,89.37360915,89.40745017,88.94260466,91.40661114,,,,91.43434591,86.94464158,87.50364342,89.02046884,90.1746079
Indonesia,IDN,95.50320435,95.7283783,95.9522171,98.09999847,96.42370605,96.6852417,96.97112274,98.19999695,97.59951019,98.90000153,98.95999908,99.34999847,99.19999695,99.67316437,99.73999786,99.83139038,99.80000305,99.88999939,99.87999725,99.88999939,99.59999847,93.85169763,97.00633774,99.38463135,99.85827789
IDA only,IDX,63.09188534,62.87744239,63.91157349,64.48968642,65.13542876,66.69400647,67.06656055,68.17099266,68.33436923,69.85661498,71.712622,73.46185444,74.98316063,74.70825225,75.77552593,75.52888137,77.17188856,79.37004866,79.34793057,80.82333275,81.20490577,63.2522958,65.96285603,74.12828305,78.44841638
Isle of Man,IMN,100,100,100,100,100,100,100,100,100,100,100,100,100,100,100,100,100,100,100,100,100,100,100,100,100
India,IND,88.75102997,87.59999847,89.8030014,90.33394623,90.87744904,91.44046783,93.09999847,92.63597107,93.25917816,96.09999847,94,92.90000153,96.09999847,96.40370178,97.00684357,97.5,98.18641663,98.7666626,99.09999847,99.7377243,100,86.61157357,91.39010391,95.28210907,98.6581604
Not classified,INX,,,,,,,,,,,,,,,,,,,,,,,,,
Ireland,IRL,100,100,100,100,100,100,100,100,100,100,100,100,100,100,100,100,100,100,100,100,100,100,100,100,100
"Iran, Islamic Rep.",IRN,100,99.91627502,99.86096954,99.80924225,99.7700882,99.75043488,100,99.7806015,99.82115173,100,99.92247772,99.96427917,99.98939514,99.98000336,100,100,99.98999786,100,100,100,100,,99.87087631,99.97123108,99.99799957
Iraq,IRQ,99.37512207,99.35404968,99.33165741,99.31488037,99.31066895,99.32596588,99.54349518,99.42602539,99.50152588,99.58641052,99.67501068,100,99.69000244,99.90126038,99.95297241,99.98493195,99.99768066,100,99.90000153,100,100,,99.40698013,99.84384918,99.97652283
Iceland,ISL,100,100,100,100,100,100,100,100,100,100,100,100,100,100,100,100,100,100,100,100,100,100,100,100,100
Israel,ISR,100,100,100,100,100,100,100,100,100,100,100,100,100,100,100,100,100,100,100,100,100,100,100,100,100
Italy,ITA,100,100,100,100,100,100,100,100,100,100,100,100,100,100,100,100,100,100,100,100,100,100,100,100,100
Jamaica,JAM,90.98552704,92.72131348,92.63907623,92.3928299,92.87779999,93.38228607,93.91110992,94.46070862,99.5,95.59945679,95.80000305,96.75304413,97.32117462,96.59999847,96.75,98,99.48432922,99.80588531,99.96777344,100,100,87.88597208,93.8470108,96.64484406,99.4515976
Jordan,JOR,99.65599823,99.61821747,99.69999695,99.54562378,99.52469635,99.52328491,100,99,100,99.59999847,100,99.85868073,99.5,99.9605484,99.98782349,99.99819183,100,100,100,100,100,99.55666348,99.61678162,99.86141052,99.99963837
Japan,JPN,100,100,100,100,100,100,100,100,100,100,100,100,100,100,100,100,100,100,100,100,100,100,100,100,100
Kazakhstan,KAZ,99.91017914,99.79000092,99.91999817,100,100,100,99.82867432,100,100,100,100,99.96874237,100,100,100,100,100,100,100,100,100,99.82806946,99.94488525,99.99374847,100
Kenya,KEN,49.84423447,51.56052017,53.27547836,50.20000076,56.72919846,58.48184967,60.2588501,62.05661774,63.86946869,65.59999847,58.20000076,69.34163666,71.15794373,72.96216583,68.40000153,78.09999847,84.30000305,83.88960266,87.38800049,90.80000305,93.98622131,43.68693706,57.18762169,68.0123497,84.89552155
Kyrgyz Republic,KGZ,99.65518951,99.58585358,100,99.45014191,99.3976593,99.77748108,98.51000214,99.58999634,99.37999725,99.48000336,99.13999939,99.30000305,99.80000305,98.94999695,99.90000153,98.66000366,99.52999878,100,100,99.71401215,99.50406647,99.8319931,99.48263245,99.41800079,99.58080292
Cambodia,KHM,60.59999847,65.26025391,67.19931793,69.14400482,71.10124969,66.80000305,75.07911682,77.1009903,87,81.18429565,91.30000305,93.58457947,94.2924118,94.86128998,96.90000153,95.73413086,96.40332031,99.05999756,99.35926819,96.90000153,97.30000305,57.62968468,72.04692307,94.18765717,97.49134369
Kiribati,KIR,93.68945313,93.28018951,92.86959839,92.46463013,92.07221985,93.61296844,91.69999695,91.02298737,90.710289,88.55999756,89.54511261,89.80580139,89.49655914,89.30421448,89.10295868,88.30999756,88.99995422,89.08285522,88.98460388,88.72692108,88.38952637,,91.99823303,89.45092926,88.82086639
St. Kitts and Nevis,KNA,99.48661041,99.45800781,99.42807007,99.40375519,99.39200592,99.39976501,99.43187714,99.48474884,99.55270386,99.63005829,99.71111298,100,100,100,100,100,100,100,100,100,100,99.43882217,99.46676025,99.9422226,100
"Korea, Rep.",KOR,99.99436951,100,100,100,100,100,100,100,100,100,100,100,100,100,100,100,100,100,100,100,100,99.98169556,99.99943695,100,100
Kuwait,KWT,100,100,100,100,100,100,100,100,100,100,100,100,100,100,100,100,100,100,100,100,100,100,100,100,100
Latin America & Caribbean (excluding high income),LAC,98.2646595,97.98612107,98.16008573,98.01074474,98.31960924,98.35203788,98.57550349,98.69048108,98.95427829,98.92881905,99.10797339,99.18810985,99.26636097,99.3521733,99.3276918,99.29804258,99.41569475,99.4827006,99.46650739,99.56188738,99.63227575,97.59348237,98.42423401,99.24846186,99.44496654
Lao PDR,LAO,96.06880188,96.12661743,96.1831131,97,96.31989288,92.19999695,94.13188171,97.41999817,99,96.9900589,97.15753937,97.32304382,97.43094635,97.69154358,97.91233826,97.80000305,98.65343475,99.5,99.48217773,99.64654541,100,95.89322662,96.1440361,97.50308228,99.01643219
Lebanon,LBN,98.97848511,99.02550507,99.07119751,99.12250519,99.18637848,99.26976013,99.47872925,99.50598907,100,99.80255127,99.91344452,99.75331116,99.99745178,100,100,100,100,100,100,100,100,,99.34411011,99.93284149,100
Liberia,LBR,,,,,,,,6.900000095,3.42975688,3.5,9.713202477,7.199999809,15.98873138,16.39999962,14.80000019,25.32183838,31.20000076,40.5,37.27430344,37,45.17257309,,4.609918992,12.8203867,34.25922852
Libya,LBY,100,99.92259979,99.96117401,99.98699951,99.99793243,100,100,100,100,100,100,100,100,100,100,100,100,100,100,100,100,,99.98687057,100,100
St. Lucia,LCA,95.54153442,95.90000153,95.29051971,95.16996765,95.0619812,94.97350311,94.90937805,94.86601257,94.83773804,94.81884766,94.80367279,94.78651428,94.11764526,94.72478485,94.95701599,95.32717896,95.90788269,96.51771545,96.94639587,97.21565247,100,,95.13694839,94.67792664,96.38296509
Latin America & Caribbean,LCN,98.42914713,98.17615317,98.31808866,98.18358574,98.44722759,98.47610843,98.69005915,98.78533283,99.02635795,99.01749973,99.17998834,99.25660442,99.33645487,99.40508115,99.39284962,99.36274588,99.47161998,99.52505246,99.51658222,99.60294739,99.66726091,97.81346285,98.55495604,99.31419568,99.49578959
Least developed countries: UN classification,LDC,56.66034511,55.77737073,57.85309564,58.74138377,59.35029064,61.23976883,61.44234629,63.53168659,63.23413222,64.87214589,68.48685157,70.44378917,71.49316314,71.04124182,71.16165088,72.02219914,73.81476469,76.34047035,75.74957031,77.69784022,78.35136366,,60.27025657,70.52533931,75.12496894
Low income,LIC,49.4700878,50.65476129,51.8744369,53.32003864,54.24332914,55.4480584,56.46239886,57.4518112,56.55644087,55.91365935,58.2412724,60.68540331,63.02243197,62.99340059,64.3603628,63.18843759,64.62034868,67.17602903,65.65194718,68.76300626,69.86612009,,54.13950225,61.86057421,65.87995375
Liechtenstein,LIE,100,100,100,100,100,100,100,100,100,100,100,100,100,100,100,100,100,100,100,100,100,100,100,100,100
Sri Lanka,LKA,88.59827423,85.30000305,91.30000305,90.62140656,91.31165314,92.02140808,94.40000153,95.30000305,94.28033447,95.61000061,95.59999847,96.83000183,97.70999908,98,98.90842438,99.64875793,99,99.9780426,100,100,100,,91.87430878,97.40968475,99.72536011
Lower middle income,LMC,89.6888187,88.87959246,89.91191661,90.42651769,90.43251111,90.92481956,91.60559052,92.13973818,92.35293946,93.50744424,92.83690558,93.32110727,94.19009032,94.27933392,94.34699865,94.79727848,95.79912857,97.09097331,97.15640873,97.7768716,96.92127303,87.45251601,90.98698885,93.79488715,96.52413214
Low & middle income,LMY,92.81654041,92.44417729,92.93658432,93.20367505,93.20148428,93.46056375,93.80292091,94.04722267,94.11252832,94.30903029,94.20042218,94.53411949,95.02935364,95.0601672,95.14996614,95.05239329,95.72636422,96.39801844,96.57574374,96.88681068,96.43539386,,93.43347273,94.79480573,96.12786607
Lesotho,LSO,13.60089207,17.98860741,21.06775856,24.15252876,26.20000076,30.36670685,33.50790024,36.66986084,39.84690094,43.20000076,55.21151733,57.24421692,59.20743561,61.03170013,61.5,64.41529846,66.3398819,68.83999634,,74.59745026,77.72548676,,28.66011572,58.838974,68.54815674
Late-demographic dividend,LTE,99.69017287,99.52830223,99.55966359,99.55965281,99.57189458,99.60125524,99.70830737,99.70265479,99.77394327,98.89435548,98.98976714,99.03597713,99.08893335,99.1408959,99.12604955,98.82398771,99.24195306,99.29560468,99.30686161,99.36214001,99.3843966,,99.55902022,99.07632461,99.20610941
Lithuania,LTU,100,100,100,100,100,100,100,100,100,100,100,100,100,100,100,100,100,100,100,100,100,100,100,100,100
Luxembourg,LUX,100,100,100,100,100,100,100,100,100,100,100,100,100,100,100,100,100,100,100,100,100,100,100,100,100
Latvia,LVA,100,100,100,100,100,100,100,100,100,100,100,100,100,100,100,100,100,100,100,100,100,100,100,100,100
"Macao SAR, China",MAC,100,100,100,100,100,100,100,100,100,100,100,100,100,100,100,100,100,100,100,100,100,99.96623688,100,100,100
St. Martin (French part),MAF,100,100,100,100,100,100,100,99.60758972,99.6634903,99.72878265,100,100,100,100,100,100,100,100,100,100,100,99.73400497,99.89998627,100,100
Morocco,MAR,98.48000336,93.32043457,93.66504669,94.01527405,94.59999847,94.76036835,99.26000214,95.59444427,96.03694153,96.4888382,96.94443512,97.39806366,97.84401703,98.69999695,95.19999695,99.11320496,99.30000305,100,99.30000305,99.99487305,100,90.52482185,95.62213516,97.21730194,99.54161682
Monaco,MCO,100,100,100,100,100,100,100,100,100,100,100,100,100,100,100,100,100,100,100,100,100,100,100,100,100
Moldova,MDA,100,100,100,100,100,99.40000153,100,100,100,100,100,100,100,100,100,100,100,99.94999695,99.97000122,100,100,100,99.94000015,100,99.98399963
Madagascar,MDG,48.02760696,42.08486938,50.00194931,52.70000076,51.99876404,53.02296066,54.07151031,55.14082718,56.22522354,68.59999847,39.09999847,61.5,72.80000305,60.70000076,62.73997879,63.79476166,67.30000305,66.26256561,,,70.16197205,43.04537535,53.18737106,59.36799622,65.78577677
Maldives,MDV,99.25805664,99.24519348,99.23099518,99.22242737,99.22641754,99.24991608,99.29776764,99.36638641,99.45008087,99.90000153,99.6399765,99.73479462,99.82195282,99.89702606,100,99.98371887,99.99754333,99.69999695,100,100,100,,99.34472427,99.81875,99.93625183
Middle East & North Africa,MEA,99.28916255,98.79904346,98.82165264,98.89516081,98.94455438,98.948301,99.44910741,99.02510549,99.25104025,99.22607366,99.52627409,99.59860324,99.53443797,99.70593078,99.36715331,99.46336619,99.60367786,99.73783982,99.84740547,99.65526405,99.66363938,,99.06492017,99.54647988,99.66151068
Mexico,MEX,99.43071747,99.29040527,99.52617645,99.23563385,99.39008331,99.60558319,99.70586395,99.3155899,99.72595215,99.46038055,99.70355225,99.62000275,99.65000916,99.79684448,99.63725281,99.30000305,99.80000305,99.96255493,99.80000305,99.93105316,99.80000305,99.13380445,99.46863861,99.68153229,99.75872345
Marshall Islands,MHL,89.23912048,89.50411987,89.76778412,90.03707123,90.31892395,90.62028503,90.94599152,91.59999847,91.65402985,92.02498627,92.39964294,92.49703979,93.13734436,93.51378632,93.83175659,94.16370392,94.64579773,95.20745087,95.58795166,95.80902863,95.95038605,88.91218262,90.57123108,93.075914,95.08278656
Middle income,MIC,94.9867575,94.5650242,95.04888646,95.28381943,95.26268538,95.50289034,95.8420464,96.09914756,96.25789732,96.77757581,96.54341007,96.76363376,97.15737664,97.21214273,97.2373033,97.24089032,97.89285863,98.53362348,98.55407782,98.83972218,98.41579876,,95.56267304,96.9827733,98.21223449
North Macedonia,MKD,100,100,100,100,99.83000183,100,98,100,99.19000244,100,100,99.7947464,100,100,100,100,100,100,99.80000305,100,100,100,99.70200043,99.95894928,99.96000061
Mali,MLI,33.69224548,37,39.60980988,42.57354736,45.54985046,48.54566193,47.40000153,54.60675049,57.66276169,57.86163712,74.34497833,75.96121216,76,78.91576385,80.16886139,83.09999847,82.97454834,84.98000336,,91.08195496,94.08895874,26.1423583,46.45022659,77.07816315,85.53412628
Malta,MLT,100,100,100,100,100,100,100,100,100,100,100,100,100,100,100,100,100,100,100,100,100,100,100,100,100
Myanmar,MMR,82.3495636,82.82338715,83.29588318,83.77400208,84.26468658,84.77487946,85.30941772,85.86472321,86.435112,87.01490021,89,88.24729156,88.93177795,89.47729492,85.5,90.80000305,92.30000305,92.55451965,92.11804962,92.51248169,93.03386688,,84.59065552,88.23127289,92.05701141
Middle East & North Africa (excluding high income),MNA,99.15186122,98.56577184,98.59157535,98.67933703,98.73372078,98.73440224,99.33443175,98.81655688,99.086259,99.05127243,99.41708162,99.50450899,99.42387954,99.6354304,99.21431875,99.33313343,99.50713618,99.6736267,99.80838943,99.57107895,99.58170454,,98.87451885,99.43904386,99.57867294
Montenegro,MNE,100,100,100,100,100,100,100,100,100,100,100,100,100,99.59999847,99.59999847,100,100,100,100,100,100,100,100,99.83999939,100
Mongolia,MNG,97.08740234,97.09801483,97.1072998,99.5,97.14966583,97.90000153,97.26796722,97.36006165,97.46723175,97.58380127,96.07942963,94.15538788,97.93300629,97.80000305,98.11864471,98.19621277,98.33174133,98.95709991,99.69999695,99.68609619,99.69999695,,97.55214462,96.81729431,98.97422943
Northern Mariana Islands,MNP,100,100,99.85483551,99.80227661,99.7622757,99.74178314,99.74564362,100,100,100,100,100,100,100,100,100,100,100,100,100,100,99.94682236,99.89068146,100,100
Mozambique,MOZ,23.22335243,20.10000038,28.27523232,25,33.34958649,35.91255569,38.49987411,37.5,38.88888931,43.09999847,56.46563339,54.5,60.00185013,61.59626007,68,68,66.21488953,60.5,72.19999695,72.38905334,74.96321869,21.52948723,32.38494892,60.11274872,67.86078796
Mauritania,MRT,45.00902557,49.70000076,49.22350693,51.33570099,53.46046066,41.59999847,57.77334595,70.36633301,62.16719818,64.38105774,75.72939301,76.16088867,76.52289581,76.74594879,76.90000153,77.57722473,79.7444458,81.90595245,84.06363678,86.21941376,88.37487793,,54.50166283,76.41182556,81.9021347
Mauritius,MUS,100,99.9344101,100,99.77346802,99.69799042,99.64202118,99.61039734,99.59954834,99.60377502,99.61740112,99.63472748,99.77999878,99.79955292,99.78884125,99.63751984,99.61213684,99.59210968,99.61000061,99.64842987,100,99.40860748,99.99960632,99.74790115,99.72812805,99.6925354
Malawi,MWI,28.70000076,27.83053017,28.88108826,37.14606094,30.20000076,32.09425735,23.56792068,34.34022141,35.48867035,36.64651489,34.70000076,32.59999847,37.09999847,36.59999847,46.09999847,48.70000076,42,57.5,50.38972092,45.5,53.98027039,22.09414444,31.48952656,37.41999893,48.81794434
Malaysia,MYS,99.42598724,99.40261841,99.37792969,99.35884857,99.3523407,99.36533356,99.40267944,99.46080017,99.53398895,99.90000153,99.70288086,99.78720093,99.90000153,99.92120361,99.96666718,99.99090576,100,100,100,100,100,,99.45805283,99.85559082,99.99818115
North America,NAC,100,100,100,100,100,100,100,100,100,100,100,100,100,100,100,100,100,100,100,100,100,100,100,100,100
Namibia,NAM,73.19999695,71.65339661,71.74720764,71.84663391,71.95863342,72.09013367,72.24598694,77.59999847,72.61430359,78.40000153,73.02020264,70.09999847,73.41818237,72.19999695,73.77288055,74.59999847,69.30000305,74.23816681,74.38308716,74.52610016,74.66879272,70.45445728,73.33562927,72.5022522,73.40947113
New Caledonia,NCL,100,100,100,100,100,100,100,100,100,100,100,100,100,100,100,100,100,100,100,100,100,99.97329636,100,100,100
Niger,NER,40.6727829,41.12623978,42.23870087,43.35678101,44.48742676,45.63757706,47.20000076,48.00735092,49.21770096,50.43744659,63.08725739,59.90000153,61.79999924,59.09820938,57.4980278,60.20000076,58.84202576,60.00941467,47.63000107,50.12732697,48.39099884,34.15047469,45.23820076,60.27669907,55.36175385
Nigeria,NGA,83.98390961,83.93312836,83.88101959,84.90000153,83.80059814,83.78617859,83.79611206,86.16287994,84.80000305,83.92776489,79.80000305,87.09999847,84.0927887,83.59999847,84.15563965,81.5,86,,,,83.90000153,83.83415329,84.29715958,83.74968567,83.75
Nicaragua,NIC,93.54890442,91.88602448,94.11447144,94.40221405,94.70251465,95.43199158,95.36649323,95.73142242,96.11143494,97.93714905,96.89395142,97.3764267,97.85522461,98.19506836,98.40680695,98.75026703,99.09304047,99.51927185,99.80741119,99.93611908,100,92.25951117,94.92326202,97.74549561,99.42122192
Netherlands,NLD,100,100,100,100,100,100,100,100,100,100,100,100,100,100,100,100,100,100,100,100,100,100,100,100,100
Norway,NOR,100,100,100,100,100,100,100,100,100,100,100,100,100,100,100,100,100,100,100,100,100,100,100,100,100
Nepal,NPL,85.0817337,85.69999695,86.2151947,86.78688049,87.40000153,87.97489166,90.09999847,89.25188446,89.91584015,90.58919525,95.5,94.11000061,95.56912994,95.52176666,97.69999695,95.16212463,94.5,95.79003143,95.75,,94.19999695,82.3238102,87.90156174,95.68017883,95.30053902
Nauru,NRU,96.9812851,97.07382965,97.16503906,97.26187134,97.37126923,97.50017548,97.65342712,97.82744598,98.01654816,98.21504974,98.41725159,99,99.06327057,99.23738861,99.25680542,99,99.59513855,99.8986969,99.86157227,100,100,96.24206696,97.50659409,98.99494324,99.67108154
New Zealand,NZL,100,100,100,100,100,100,100,100,100,100,100,100,100,100,100,100,100,100,100,100,100,100,100,100,100
OECD members,OED,99.93038018,99.93138649,99.92651717,99.90525718,99.88749497,99.90893255,99.92274779,99.88945999,99.94114647,99.92223699,99.96154826,99.95705976,99.95936134,99.9724086,99.96063258,99.92773851,99.97387577,99.98924362,99.9774943,99.99329344,99.9810646,99.89881052,99.91655598,99.96220211,99.97232913
Oman,OMN,99.99742126,99.98335266,100,100,100,100,100,100,100,100,100,100,100,100,100,100,100,100,100,100,100,100,99.99807739,100,100
Other small states,OSS,77.74260569,77.79392404,78.74351969,79.29785594,79.92470387,80.564371,81.91097582,82.61877811,83.11749525,84.10923853,84.57981557,85.60932347,86.44908586,86.39384112,87.53635071,88.13121281,88.38577847,90.57705453,91.78883083,91.74208261,91.46712515,81.46481281,80.58234679,86.11368335,90.12499185
Pakistan,PAK,93.72737885,94.0102005,94.29168701,94.57880402,94.87847137,95.19765472,95.5411911,95.90549469,96.28487396,96.67365265,97.06613159,97.45663452,97.83947754,98.21022797,98.5695343,98.91930389,99.26144409,99.59786224,99.82723236,99.95748901,100,93.29307968,95.10894089,97.82840118,99.51266632
Panama,PAN,97.19000244,97.12621307,97.1960144,97.27143097,97.35941315,97.46690369,97.59873962,97.7513504,97.91903687,98.09612274,98.69999695,98.530159,98.69075012,98.30000305,98.93354797,99.07162476,99.20207214,99.32679749,99.44770813,99.56671143,99.68539429,96.35684839,97.49752274,98.63089142,99.32298279
Peru,PER,95.16033936,92.36380768,93.83074951,93.76252747,94.30568695,94.65563965,96.16046906,95.80953979,97.04116821,97.47614288,98.1424942,98.37663269,98.62956238,98.77972412,98.88088989,98.87489319,98.90000153,98.90000153,99,99.08572388,100,92.17022407,95.05660706,98.56186066,98.95212402
Philippines,PHL,89.80089569,90.16217041,90.52210999,92,91.26580048,91.66342926,92.30000305,92.52816772,93.69999695,94.12999725,93.92416382,94.39311981,94.66000366,94.09999847,95.74137115,95.91000366,96.59017944,96.40000153,97.41610718,97.82524872,98.23407745,88.11372666,91.80725708,94.56373138,96.82830811
Palau,PLW,99.09011841,99.07473755,99.0580368,99.04694366,99.04842377,99.69929504,99.11473846,99.18084717,99.26202393,99.35260773,99.44689178,99.53919983,98.49097443,99.69639587,100,99.8090744,100,100,100,100,100,98.92121353,99.19277725,99.43469238,99.96181488
Papua New Guinea,PNG,62.52336121,63.40686798,64.28904724,65.17684937,66.07720947,66.99707794,61.29999924,68.90628815,69.88636017,69.59999847,71.19999695,72.96547699,74.34944153,75.59444427,76.68475342,77.8195343,79.30000305,80.53930664,81.73261261,82.76648712,83.59999847,61.84700718,65.81630592,74.15882263,80.43158875
Poland,POL,100,100,100,100,100,100,100,100,100,100,100,100,100,100,100,100,100,100,100,100,100,100,100,100,100
Pre-demographic dividend,PRE,59.66349378,59.8379273,61.21433397,62.27321395,62.82094272,63.77251622,64.48557378,66.73280335,65.43652219,66.38246279,67.43161718,71.52835209,71.52320444,71.59264508,71.22798918,71.41526155,74.43837647,71.2831653,72.11959187,74.2376338,77.37570577,62.07471881,63.261979,70.66076159,72.6988058
Puerto Rico,PRI,100,99.9993515,100,100,100,100,100,100,100,100,100,100,100,100,100,100,100,100,100,100,100,100,99.99993515,100,100
"Korea, Dem. People's Rep.",PRK,,,,,,,,,,26,28,29,31,32,34,35,37,39,40,42,43.34545517,,26,30.8,38.6
Portugal,PRT,100,100,100,100,100,100,100,100,100,100,100,100,100,100,100,100,100,100,100,100,100,100,100,100,100
Paraguay,PRY,97.67984009,97.92584229,97.75492859,97.80420685,97.53353882,98.39431,98.53639984,98.83353424,99.00904846,98.38894653,99.49593353,99.55590057,99.63866425,99.77143097,99.8319397,99.81533813,99.90000153,99.80000305,99.90000153,99.90000153,100,97.22829838,98.18605957,99.6587738,99.86306915
West Bank and Gaza,PSE,99.90000153,99.09999847,99.66312408,99.69999695,99.69999695,99.80000305,99.80000305,99.64431,99.90000153,99.90000153,99.90000153,99.94000244,99.94229889,99.97571564,99.80000305,99.99936676,100,99.90000153,100,100,100,99.96100871,99.71074371,99.91160431,99.97987366
Pacific island small states,PSS,87.56898767,87.85908441,87.97154628,87.95679306,88.60467538,89.01051603,89.16103616,90.37360518,90.71311893,90.98467692,90.50655428,91.01843798,91.35992692,90.45872399,92.03756252,92.21389957,92.83544178,93.40341386,93.9477138,94.37070174,94.72741428,89.47195541,89.020404,91.07624114,93.35423415
Post-demographic dividend,PST,99.99972995,99.99762685,99.99566534,99.99661366,99.99626811,99.99399785,99.99573344,99.99286999,99.99716631,99.99775029,99.99836165,99.99848103,99.99634049,99.99972505,99.99991907,99.99998852,100,100,100,99.99903642,99.99884963,99.99915651,99.99634218,99.99856546,99.99980499
French Polynesia,PYF,100,100,100,100,100,100,100,100,100,100,100,100,100,100,100,100,100,100,100,100,100,100,100,100,100
Qatar,QAT,100,100,100,100,100,100,100,100,100,100,100,100,100,100,100,100,100,100,100,100,100,100,100,100,100
Romania,ROU,100,100,100,100,100,100,100,100,100,100,100,100,100,100,100,100,99.5,100,100,100,100,100,100,100,99.9
Russian Federation,RUS,100,100,100,100,100,100,100,100,100,100,100,100,100,100,100,95.09999847,100,100,100,100,100,100,100,100,99.01999969
Rwanda,RWA,38.90000153,35.85743332,38.16359329,40.47537231,42.79971313,25.10000038,47.51176834,49.90073776,28.10000038,54.71823502,44.5,58.20000076,67.59999847,61.5,71.80000305,72.90000153,79.97000122,84.80000305,84.34043884,87.97874451,86.40000153,25.73372073,40.15268555,60.72000046,81.99783783
South Asia,SAS,88.54022317,87.39132471,89.25545522,89.78326689,89.99029112,90.90611119,91.91984468,91.99036543,92.86897545,95.12192966,93.90958806,93.18046399,95.81237678,95.80353498,96.66346828,97.21939426,97.92140781,98.93423832,98.92709691,99.57528799,99.7249453,85.62327775,90.77677875,95.07388642,98.51548506
Saudi Arabia,SAU,100,100,99.99674988,99.98146057,100,100,100,100,100,100,100,100,100,100,100,100,100,100,100,100,100,100,99.99782104,100,100
Sudan,SDN,61.43956375,61.46058273,61.4803009,61.50554657,61.54315948,61.59997559,61.68076324,61.78199005,45.75,58,72.56378174,73.68878937,74.74487305,75.66311646,76.30000305,77.23205566,78.24075317,79.28094482,80.15145874,80.87204742,81.51765442,65.03865639,59.62418823,74.59211273,79.15545197
Senegal,SEN,74.63999939,73.5618515,74.16915894,75.71289825,76.80380249,80.40000153,83.59999847,80.20448303,81.37509155,83.40000153,83.91085815,87.80000305,86.22233582,87.80000305,85,86.90000153,87.69999695,91.69999695,93.5,95.19999695,95.17642975,67.32256492,78.38672867,86.14664001,90.99999847
Singapore,SGP,100,100,100,100,100,100,100,100,100,100,100,100,100,100,100,100,100,100,100,100,100,100,100,100,100
Solomon Islands,SLB,59.05480194,59.63264847,60.20916367,60.79130173,61.38600159,62.00020981,61.20000076,68.59999847,63.97250748,71.37000275,65.34381866,66.02935028,66.70721436,60.40000153,68.02732849,67.59999847,69.30928802,71.09558105,73.30209351,75.34918213,77.31655121,55.1,62.82166367,65.30154266,71.33122864
Sierra Leone,SLE,23.43357468,24.83407211,26.23324585,27.63803673,29.05539131,35.85185242,31.95346832,33.43544769,33.09999847,36.43896866,34.34035492,35.75,40.95783615,41.40000153,43.92325974,45.39070892,46.90000153,48.70000076,53.20000076,51.40000153,54.69330978,,30.19740562,39.27429047,49.1181427
El Salvador,SLV,96.09790039,97.11415863,97.27480316,96.49703217,96.47737122,96.45586395,97.19551086,97.08436584,96.485466,96.56759644,96.87158966,97.22973633,97.8460083,97.76119232,97.78821564,98,98.40000153,99,98.69999695,98.76000214,100,94.62462879,96.72500687,97.49934845,98.57200012
San Marino,SMR,100,100,100,100,100,100,100,100,100,100,100,100,100,100,100,100,100,100,100,100,100,100,100,100,100
Somalia,SOM,20.311203,22.83285141,22.20000076,27.87911415,30.41761971,32.97563171,38.11553192,38.161129,40.77933884,43.40694809,66.15644836,66.78538513,67.34484863,67.76535034,68.03115082,68.34143829,68.86225891,69.41220856,69.78100586,,70.12004089,,31.70793686,67.21663666,69.09922791
Serbia,SRB,100,100,100,100,100,99.76456451,100,100,100,100,99.86634827,100,100,99.93000031,99.81655884,99.90000153,100,100,100,99.90000153,100,100,99.97645645,99.92258148,99.96000061
Sub-Saharan Africa (excluding high income),SSA,61.638689,61.78127926,62.98561568,63.98433254,64.41572305,65.35117083,65.98622419,67.9692964,66.72452421,67.91372413,68.38153642,72.33235023,72.4340909,72.59708695,72.47764058,72.30441333,74.95418484,73.31224135,73.82953163,75.89064745,78.28609062,67.45230125,64.87505793,71.64454102,74.05820372
South Sudan,SSD,8.20218277,8.36187458,8.520240784,8.684225082,8.86077404,9.05683136,9.277238846,9.518413544,9.774669647,16.60000038,4,10.57705688,10.83677006,11.08439732,11.32057858,11.54722214,11.76623631,9.600000381,12.28759384,13.11798859,13.86866856,,9.685645103,9.563760567,11.66380825
Sub-Saharan Africa,SSF,61.64609762,61.78840486,62.99247363,63.99069455,64.42176722,65.35687801,65.99175334,67.97433132,66.72970356,67.91857395,68.38629422,72.3362745,72.43793629,72.60081924,72.48138751,72.30814449,74.95749479,73.31671302,73.8340921,75.89473166,78.28871593,67.46092517,64.88106781,71.64854235,74.06223521
Small states,SST,81.97230171,82.13660612,82.77256057,83.09824053,83.57336987,83.96578161,84.95467915,85.61299648,86.35145346,86.76433333,87.07131167,87.93645239,88.62563001,88.46550049,89.42116491,89.96551238,90.2906804,92.1293496,93.19609466,93.13230041,92.82762618,84.23144588,84.12023228,88.30401189,91.74278749
Sao Tome and Principe,STP,64.0931778,63.99294662,64.57020569,65.1530838,65.74852753,66.36347961,67.0027771,67.66284943,68.33799744,69.80000305,69.71079254,70.39706421,65.30000305,71.74219513,75.80000305,73.0428009,73.68270874,73.51999664,76.69999695,77.44280243,78.44978333,,66.27250481,70.5900116,74.87766113
Suriname,SUR,97.84282684,97.79376984,97.74338531,97.69861603,97.66641998,97.65372467,95.63264465,97.69779968,97.74530792,97.80220795,97.19773102,97.92144012,97.97240448,98.10496521,98.15950775,98.25852966,98.56808472,98.9067688,99,99.06242371,98.9808197,99.62406,97.52767029,97.87120972,98.75916138
Slovak Republic,SVK,100,100,100,100,100,100,100,100,100,100,100,100,100,100,100,100,100,100,100,100,100,100,100,100,100
Slovenia,SVN,100,100,100,100,100,100,100,100,100,100,100,100,100,100,100,100,100,100,100,100,100,100,100,100,100
Sweden,SWE,100,100,100,100,100,100,100,100,100,100,100,100,100,100,100,100,100,100,100,100,100,100,100,100,100
Eswatini,SWZ,54.32450104,55.98641205,57.64699173,59.31319427,60.99195862,62.69023514,63.40000153,66.15625,67.91472626,72.63999939,65.41666412,73.22376251,74.98569489,76.73553467,84,80.59346008,80.98000336,85.59487152,87.92899323,90.1036911,92.19866943,,62.106427,74.87233124,85.04020386
Sint Maarten (Dutch part),SXM,100,100,100,100,100,100,100,99.60758972,99.6634903,99.72878265,100,100,100,100,100,100,100,100,100,100,100,99.73400497,99.89998627,100,100
Seychelles,SYC,99.18092346,99.15853882,99.13484192,99.11675262,99.11122894,99.12522125,99.16355896,99.22266388,99.29684448,99.3804245,99.4677124,99.58193207,99.78388214,99.54000092,100,100,100,100,100,100,100,99.00106812,99.18909988,99.67470551,100
Syrian Arab Republic,SYR,99.22891235,99.29989624,99.5,99.44483948,99.5326767,99.64002991,99.75750732,99.89200592,99.96678162,99.99526215,100,100,100,100,100,100,100,100,100,100,100,,99.62579117,100,100
Turks and Caicos Islands,TCA,99.85800934,99.80758667,99.75584412,99.7097168,99.67614746,99.66209412,99.67238617,99.70345306,99.74959564,100,100,100,100,100,100,100,100,100,100,100,100,99.93137436,99.75948334,100,100
Chad,TCD,10.01809311,11.17584896,12.33227825,13.49432564,16.39999962,15.86305904,17.08152962,18.32076836,19.5750885,20.83880234,18.29999924,13.55000019,24.62944221,25.87513351,27.10937881,32.40000153,31.11620712,33.72877121,36.16019058,36.70000076,40.6244545,8.686742751,15.50997934,21.89279079,34.02103424
East Asia & Pacific (IDA & IBRD countries),TEA,98.21815768,98.16337785,98.2399871,98.62233903,98.38149757,98.46407952,98.59803204,98.85903906,98.94865805,99.17533074,99.31373059,99.38331771,99.3927612,99.46531885,99.49816602,99.59865779,99.6609806,99.68649498,99.72952752,99.74866107,99.74305865,,98.56704986,99.41065887,99.68486439
Europe & Central Asia (IDA & IBRD countries),TEC,99.97514387,99.97557604,99.97962622,99.97671319,99.88378482,99.86933112,99.86593101,99.89146285,99.91092447,99.93004008,99.98555683,99.98334077,99.98615752,99.98290026,99.98926652,98.21506369,99.97185728,99.99220593,99.99052096,99.9880588,99.98431794,99.99359546,99.92585337,99.98544438,99.63154133
Togo,TGO,38.50896835,47.79424286,50.16879654,52.54896927,54.9417038,57.35394669,64.90000153,62.24790573,64.72035217,67.20218658,66.5039444,77.90000153,76.33013153,78.15425873,83.19999695,82.00621796,84.44141388,88.80000305,83.09999847,91.72031403,94.14375305,42.09979401,56.03870735,76.41766663,86.01358948
Thailand,THA,99.90000153,99.57407379,99.52216339,99.47587585,99.4421463,99.42793274,99.62600708,99.46896362,99.51494598,99.01000214,100,99.74147034,99.44982147,99.92329407,99.79920197,99.69999695,99.8243103,99.90000153,99.91000366,99.90000153,100,,99.49621124,99.78275757,99.84686279
Tajikistan,TJK,99.69512177,99.80579376,99.70127106,99.90000153,99.51602936,99.69999695,99.40671539,99.38500214,99.37836456,99.3811264,99.38759613,99.39208984,99.80000305,99.3736496,99.34694672,98.5,99.26682281,99.19999695,99.19999695,99.10849762,99.05285645,99.92062378,99.58694229,99.46005707,99.05506287
Turkmenistan,TKM,99.69999695,99.7053833,99.66433716,99.62890625,99.60604095,99.60268402,99.86911011,99.66543579,99.72228241,99.78852081,100,99.95980072,99.99195862,100,100,100,100,100,100,99.90000153,100,,99.69526978,99.99035187,99.98000031
Latin America & the Caribbean (IDA & IBRD countries),TLA,98.3768548,98.12111604,98.26949514,98.13233707,98.40575592,98.43645043,98.65733197,98.75554823,99.00326341,98.99340836,99.1596729,99.23769632,99.31924126,99.38935804,99.3766984,99.34592824,99.45789165,99.51293232,99.5045114,99.59486304,99.65909256,97.78638849,98.51515614,99.29653338,99.48322533
Timor-Leste,TLS,69.50222015,71.10637665,72.709198,73.59999847,75.93865204,77.57917023,79.24403381,82.30000305,82.63037872,84.34049225,83.40000153,87.7661438,89.47032166,91.16240692,93.00547791,95.00086975,98.40000153,99.44185638,99.6858902,99.96511841,100,,76.89505234,88.96087036,98.49874725
Middle East & North Africa (IDA & IBRD countries),TMN,99.14156082,98.55838337,98.57668635,98.66508686,98.72016217,98.71938267,99.32784002,98.80477845,99.07459736,99.03903432,99.41008244,99.49816199,99.41628691,99.63042572,99.20567098,99.32326888,99.49981566,99.67024951,99.80538505,99.56461107,99.57535489,,98.86275124,99.43212561,99.57266603
Tonga,TON,96.33734894,96.43993378,96.54119873,96.64807892,96.76752472,96.90647888,97.70999908,97.25385284,97.45300293,97.66155243,97.87380219,97.32290649,97.69999695,98.477211,98.65628815,100,98.62999725,99.85706329,99.92295837,99.99106598,100,95.83324814,96.97189713,98.00604095,99.68021698
South Asia (IDA & IBRD),TSA,88.54022317,87.39132471,89.25545522,89.78326689,89.99029112,90.90611119,91.91984468,91.99036543,92.86897545,95.12192966,93.90958806,93.18046399,95.81237678,95.80353498,96.66346828,97.21939426,97.92140781,98.93423832,98.92709691,99.57528799,99.7249453,85.62327775,90.77677875,95.07388642,98.51548506
Sub-Saharan Africa (IDA & IBRD countries),TSS,61.64609762,61.78840486,62.99247363,63.99069455,64.42176722,65.35687801,65.99175334,67.97433132,66.72970356,67.91857395,68.38629422,72.3362745,72.43793629,72.60081924,72.48138751,72.30814449,74.95749479,73.31671302,73.8340921,75.89473166,78.28871593,67.46092517,64.88106781,71.64854235,74.06223521
Trinidad and Tobago,TTO,100,99.98484802,99.953125,99.90772247,99.85557556,99.82737732,100,100,100,100,100,100,100,100,100,100,100,100,100,100,100,,99.95286484,100,100
Tunisia,TUN,99.85667419,99.80445862,99.75092316,99.70300293,99.66764832,99.66999817,99.66030121,100,99.73392487,99.78766632,99.93000031,99.79173279,99.94215393,99.97493744,99.99280548,99.90000153,100,100,99.90000153,100,100,99.91200892,99.76345978,99.92632599,99.96000061
Turkiye,TUR,100,100,100,100,99.44896698,99.45655823,99.48849487,99.54120636,99.60899353,99.68617249,100,100,100,100,100,100,100,100,100,100,100,,99.72303925,100,100
Tuvalu,TUV,95.98860931,96.14983368,95.40000153,96.47525787,96.65333557,96.85092926,97.07286835,98.59999847,97.57337189,97.84055328,98.11144257,98.40834045,98.81656647,98.93532562,99.128479,99.35665894,99.57720947,99.79203033,99.92158508,99.80000305,100,,96.86047592,98.68003082,99.68949738
Tanzania,TZA,32.98467636,34.44345093,35.90089798,36.5,38.90000153,40.33473206,41.85422134,43.39447784,40.09999847,43.5,46.20000076,42.90000153,46.40000153,50.29999924,53.59999847,57.84166718,65.30000305,64.23184967,67.26036072,70.12944031,72.90000153,27.10711994,38.79124565,47.88000031,64.95266418
Uganda,UGA,41.01221848,43.90000153,39.29999924,44.22984695,45.31825638,49,41.79999924,48.71147919,49.87959671,45,48,55.40000153,54.58914185,55.74863052,51.40000153,51.90000153,57.5,63.55837631,71.98000336,70.80000305,69.8710022,36.335387,44.81513977,53.02755508,63.14767685
Ukraine,UKR,100,100,100,100,100,99.94476318,100,99.90000153,100,100,100,100,99.91589355,100,100,100,100,100,100,100,100,100,99.98447647,99.98317871,100
Upper middle income,UMC,99.09833159,98.98365144,99.04836615,99.07298389,99.03841097,99.08918004,99.16957712,99.21847482,99.34368157,99.37015719,99.49278057,99.51420422,99.53692636,99.57322831,99.57381824,99.22548262,99.60146186,99.63048084,99.62196852,99.6533154,99.66845166,,99.14328148,99.53819154,99.54654185
Uruguay,URY,99.33748627,99.18907166,99.167099,99.15073395,99.14694214,99.16265869,99.32807159,99.39160919,99.47283936,99.5,99.59999847,99.43000031,99.80000305,99.75260162,99.77806854,99.80620575,99.80000305,99.80000305,99.80000305,99.90000153,100,99.08093406,99.28465118,99.6721344,99.82124329
United States,USA,100,100,100,100,100,100,100,100,100,100,100,100,100,100,100,100,100,100,100,100,100,100,100,100,100
Uzbekistan,UZB,99.89580536,99.89634705,99.90000153,99.90684509,99.92647552,99.95623779,99.79183197,99.99716949,100,100,100,100,100,100,100,100,100,100,100,100,100,99.8985157,99.92707138,100,100
St. Vincent and the Grenadines,VCT,86.54364777,86.66999817,87.69181061,88.27084351,88.86244965,89.47355652,90.10901642,91.23000336,91.43654633,92.11724854,92.80165863,93.48408508,94.15885162,94.8215332,95.47276306,96.11445618,96.7485199,97.3768692,100,100,100,83.26306915,89.24051208,94.14777832,98.04796906
"Venezuela, RB",VEN,99.90000153,100,99.80000305,99.63088226,99.60926819,99.60715485,99.62939453,99.67240143,99.73049164,99.79797363,99.86916351,99.93153381,99.97639465,99.9961319,100,100,100,100,100,100,100,99.63261961,99.73775711,99.95464478,100
British Virgin Islands,VGB,97.72564697,97.79324341,97.8595047,97.93138885,98.01583862,98.11979675,98.24810028,98.39717865,98.5613327,98.73488617,99.10069275,99.41411591,99.6580658,99.76306152,99.71335602,100,100,100,100,100,100,96.35481644,98.13869171,99.5298584,100
Virgin Islands (U.S.),VIR,100,100,100,100,100,100,100,100,100,100,100,100,100,100,100,100,100,100,100,100,100,100,100,100,100
Vietnam,VNM,99.07267761,99.08232117,99.40000153,99.10456085,99.13105774,99.59999847,99.09999847,99.33853912,99.4447403,99.59999847,99.87999725,100,99.80000305,99.96396637,99.90000153,100,100,100,100,100,100,98.86846212,99.28738937,99.90879364,100
Vanuatu,VUT,77.78160095,78.43797302,79.09301758,79.753685,80.4269104,81.11965179,82.77999878,84.60292053,83.32752991,82.34533691,82.30000305,85.6199646,86.37635803,86.19999695,87.99452972,89.22180939,91.40000153,92.1265564,93.41235352,94.53871918,95.5853653,75.30073929,80.96686249,85.69817047,92.139888
World,WLD,94.95934186,94.67116269,94.99191583,95.15735482,95.13188266,95.2957652,95.52454814,95.68142055,95.71243937,95.83345171,95.73636175,95.96317072,96.31362763,96.31941122,96.37214761,96.28310801,96.77512983,97.29142026,97.42152565,97.64541144,97.2686732,94.68016596,95.29592828,96.14094378,97.08331904
Samoa,WSM,98.09404755,98.12830353,98.16123199,98.1997757,98.25088501,98.32150269,98.572258,98.5322113,98.19999695,99.69999695,98.94715881,98.68250275,99.22337341,99.34555817,99.40000153,99.55751038,99.6510849,99.87259674,99.99607086,99.90000153,99.98691559,97.60999044,98.41602097,99.11971893,99.79545288
Kosovo,XKX,,,,,,,,,,,,,99.88999939,100,99.86000061,99.93000031,99.80000305,100,,99.90000153,,100,,99.91666667,99.90750122
"Yemen, Rep.",YEM,92.0068512,92.00179291,91.9954071,91.99463654,91.58999634,91.05000305,94.96466064,92.16981506,92.26132202,92.36222076,100,99.71286011,99.49117279,98.5,95.91999817,93.07569885,92.93487549,92.9834137,,93.07095337,93.11345673,91.5083046,92.23967056,98.72480621,93.01623535
South Africa,ZAF,85.67829132,85.77429962,85.86898041,87.69999695,86.08214569,86.21452332,86.37124634,86.54873657,86.74131012,86.94327545,87.1489563,87.35264587,87.54868317,87.73262024,87.90512085,88.06808472,88.22341156,88.37302399,88.51881409,88.66270447,88.80626678,85.12593918,86.39228058,87.53760529,88.36920776
Zambia,ZMB,44.09999847,47.02407074,45.09999847,48,47.59999847,51.58969879,52.777771,47.79999924,55.21053696,56.44385529,49.79999924,58.91592789,60.14330673,61.35860062,61.5,67.69999695,69.96141052,75.19999695,76.46187592,79.4621048,82.38262177,40.47594948,49.56459274,58.34356689,73.75707703
Zimbabwe,ZWE,85.42392731,85.36461639,85.3039856,85.24897003,85.20652008,85.18357849,91.40000153,85.20716095,85.24442291,90.86193848,85.34143066,83.19999695,85.43052673,85.45915222,83.40000153,81.19999695,85.48399353,85.47828674,85.46876526,85.45733643,85.71547699,85.13865242,86.44451218,84.56622162,84.61767578
